구분,시도,상세주소,Latitude,Longitude,사찰명,소속단체(종단)
1,서울,서울특별시 강남구 봉은사로 531,37.5151403,127.0569421,봉은사,조계종
2,서울,서울특별시 강남구 광평로 10길 30-71,37.4774335,127.074975,불국사,태고종
3,서울,서울특별시 강북구 화계사길 117,37.6326087,127.0073144,화계사,조계종
4,서울,서울특별시 강북구 인수봉로 23길 235,37.6306404,127.0030107,삼성암,조계종
5,서울,서울특별시 강북구 삼양로 173길 504,37.6554903,126.988989,도선사,조계종
6,서울,서울특별시 강북구 삼양로 145길 177,37.6500236,127.0030498,보광사,선학원
7,서울,서울특별시 강북구 삼양로 179길 209-81,37.6713933,127.0002746,용덕사,조계종
8,서울,서울특별시 강북구 삼양로 179길 209-44,37.6607347,126.993781,신검사,대한불교법화선종
9,서울,서울특별시 강북구 삼각산로 1,37.6373995,127.0051522,본원정사,대각회
10,서울,서울특별시 강서구 금낭화로17길 261,37.5832053,126.8057095,약사사,조계종
11,서울,서울특별시 강서구 개화동로13길 56-33,37.5805347,126.803209,미타사,조계종
12,서울,서울특별시 강서구 등촌로39가길 103,37.5429205,126.8570029,법성사,조계종
13,서울,서울특별시 관악구 승방1길 109-80 (남현동),37.4675838,126.9764942,관음사,조계종
14,서울,서울특별시 관악구 약수암1길 28 (삼성동),37.4592786,126.9344993,약수사,조계종
15,서울,서울특별시 관악구 신림동 194-1 (대학동),37.4487326,126.9542285,자운암,태고종
16,서울,서울특별시 관악구 신림로15-250 (신림동),37.4867897,126.9276112,성주암,태고종
17,서울,서울특별시 광진구 아차산로 107(구의동),37.5444007,127.092844,영화사,조계종
18,서울,서울특별시 금천구 호암로 278 (시흥동),37.4525466,126.9255418,호압사,조계종
19,서울,서울특별시 노원구 상계동 산152,37.6693772,127.0744345,학림사,조계종
20,서울,서울특별시 노원구 상계동 산154-1,37.6731317,127.0815727,용굴암,조계종
21,서울,서울특별시 노원구 중계본동 산102,37.6527082,127.0915884,학도암,조계종
22,서울,서울특별시 노원구 덕릉로 145길 99,37.6836895,127.0856653,도안사,조계종
23,서울,서울특별시 도봉구 도봉로169길 520,37.6829877,127.0106829,원통사,조계종
24,서울,서울특별시 도봉구 도봉산길 92-2,37.6941519,127.0199528,천축사,조계종
25,서울,서울특별시 도봉구 도봉산길 92-4,37.6952452,127.0200052,만월암,조계종
26,서울,서울특별시 동대문구 청량리1동 61,37.5872498,127.0451811,청량사,조계종
27,서울,서울특별시 동대문구 회기동 109-1,37.5942794,127.0504178,연화사,조계종
28,서울,서울특별시 동작구 현충로 210 국립현충원 내,37.5029165,126.9687753,지장사,조계종
29,서울,서울특별시 동작구 국사봉1길 235-14,37.4924324,126.9369781,사자암,조계종
30,서울,서울특별시 동작구 서달로 50-26,37.4985216,126.9625278,달마사,조계종
31,서울,서울특별시 서대문구 홍은동 8,37.5969949,126.9539463,옥천암,조계종
32,서울,서울특별시 서초구 남부순환로328길 49,37.475978,127.0134149,"백제불교초전법륜성지우면산대성사
(구 대성사)",대한불교조계종대각회
33,서울,서울특별시 성동구 옥수동 395,37.543552,127.0177089,미타사,조계종
34,서울,서울특별시 성북구 돈암동 595,37.59823,127.0091567,흥천사,조계종
35,서울,서울특별시 성북구 돈암동 593,37.5983865,127.0072916,적조사,조계종
36,서울,서울특별시 성북구 보문동3가 51,37.585188,127.0160625,미타사,조계종
37,서울,서울특별시 성북구 보문동3가 168,37.5846705,127.0160967,보문사,보문종
38,서울,서울특별시 성북구 성북동 330,37.6016698,126.9908856,정법사,선학원
39,서울,서울특별시 성북구 안암동5가 산4-11,37.5900147,127.0282597,개운사,조계종
40,서울,서울특별시 성북구 정릉동 637,37.6056567,127.0062567,봉국사,조계종
41,서울,서울특별시 성북구 정릉동 753,37.6146055,127.0045811,경국사,조계종
42,서울,서울특별시 성북구 정릉동 산1-1,37.6242392,126.9901206,내원사,조계종
43,서울,서울특별시 은평구 서오릉로23길 8-5,37.6159229,126.9050875,수국사,조계종
44,서울,서울특별시 은평구 진관길 73,37.6381414,126.9465791,진관사,조계종
45,서울,서울특별시 은평구 연서로 54길 127,37.6415981,126.9513359,삼천사,조계종
46,서울,서울특별시 은평구 대서문길 126,37.6460885,126.9537564,용암사,선학원
47,서울,서울특별시 은평구 은평로 20 나길 5-23,37.5972855,126.9333291,심택사,조계종
48,서울,서울특별시 종로구 우정국로 55(견지동),37.5734238,126.9827448,조계사,조계종
49,서울,서울특별시 종로구 비봉 137(구기동),37.6108091,126.9587154,금선사,조계종
50,서울,서울특별시 종로구 비봉4길 213(구기동),37.6269439,126.9605823,승가사,조계종
51,서울,서울특별시 종로구 비봉2길 304(구기동),37.6269439,126.9605823,문수사,조계종
52,서울,서울특별시 종로구 통일로 18가길 17(무악동),37.5786256,126.9593459,인왕사,인왕종
53,서울,서울특별시 종로구 율곡로10길 87(봉익동),37.5712149,126.9936525,대각사,조계종
54,서울,서울특별시 종로구 동망산길 65(숭인동),37.5799074,127.0167602,청룡사,조계종
55,서울,서울특별시 종로구 종로63가길 31(숭인동),37.5755069,127.0187588,묘각사,관음종
56,서울,서울특별시 종로구 율곡로 23길 16(충신동),37.575336,127.006846,감로암,조계종
57,서울,서울특별시 종로구 평창6길 79-141(평창동),37.6223765,126.974342,일선사,선학원
58,서울,서울특별시 종로구 세검정로 241-3(홍지동),37.6013973,126.958379,소림사,조계종
59,서울,서울특별시 종로구 창신5길 61(창신1동),37.5754461,127.013351,안양암,한국불교정안종
60,서울,서울특별시 서대문구 봉원동 산1번지,37.5756089,126.9462275,봉원사,태고종
61,부산,부산광역시 강서구 명지동 445,35.1173552,128.9189898,청량사,조계종
62,부산,부산광역시 금정구 금성동 397,35.2537116,129.0549009,국청사,조계종
63,부산,부산광역시 금정구 북문로 160,35.2604316,129.0484849,정수암,조계종
64,부산,부산광역시 금정구 북문로 126,35.2741231,129.0484994,미륵사,조계종
65,부산,부산광역시 금정구 청룡동 546,35.2842255,129.0686469,범어사,조계종
66,부산,부산광역시 기장군 기장읍 내리 692,35.2141405,129.1698949,안적사,조계종
67,부산,부산광역시 기장군 일광면 횡계리 산28-1,35.272341,129.2147451,월명사,승가종
68,부산,부산광역시 기장군 장안읍 임랑리 산1,35.3241021,129.2660973,묘관음사,선학원
69,부산,부산광역시 기장군 장안읍 장안리 606-1,35.3743851,129.2239296,척판암,조계종
70,부산,부산광역시 기장군 장안읍 장안리 598,35.3745529,129.2329111,장안사,조계종
71,부산,부산광역시 기장군 철마면 고촌리 319,35.2454895,129.1697039,고불사,조계종
72,부산,부산광역시 기장군 기장읍 연화리 473-1,35.2057373,129.2256018,해광사,조계종
73,부산,부산광역시 남구 대연4동 949-14,35.1296441,129.0905304,불곡암,조계종
74,부산,부산광역시 남구 문현1동 산74-1,35.1458086,129.076809,성암사,조계종
75,부산,부산광역시 동구 수정동 1174-8,35.1266879,129.0395899,묘심사,조계종
76,부산,부산광역시 동구 좌천동 839-3,35.1330333,129.0490035,연등사,조계종
77,부산,부산광역시 동구 초량동 843,35.1201855,129.0298246,금수사,원효종
78,부산,부산광역시 동래구 온천1동 282,35.2215727,129.0743129,금정선원,선학원
79,부산,부산광역시 동래구 칠산동 239-2,35.2037305,129.0884304,법륜사,조계종
80,부산,부산광역시 사상구 덕포2동 21-2,35.1770834,128.9954982,선광사,법화종
81,부산,부산광역시 사상구 덕포2동 산21-1,35.1705872,128.9849519,약수암,법화종
82,부산,부산광역시 사상구 모라3동 산5,35.1846358,128.9960099,운수사,조계종
83,부산,부산광역시 서구 서대신동 3가 산3-5,35.1287,129.011585,내원정사,조계종
84,부산,부산광역시 수영구 망미1동 950,35.1763611,129.1071665,영주암,조계종
85,부산,부산광역시 수영구 민락동 372-2,35.1649781,129.1231876,옥련선원,옥련선원
86,부산,부산광역시 연제구 거재2동 1396-2,35.1890497,129.0617733,금용암,조계종
87,부산,부산광역시 연제구 연산4동 1112,35.1847457,129.0865039,감천사,조계종
88,부산,부산광역시 연제구 연산4동 113-1,35.1847457,129.0865039,혜원정사,조계종
89,부산,부산광역시 연제구 연산7동 2039,35.1717416,129.0886989,마하사,조계종
90,부산,부산광역시 영도구 신선동 3가 산 6-1,35.082841,129.0499441,복천사,조계종
91,부산,부산광역시 진구 범천2동 1534-1,35.1480594,129.0485364,광명사,조계종
92,부산,부산광역시 진구 부암3동 628,35.1728191,129.0365573,선암사,조계종
93,부산,부산광역시 해운대구 우동2로 40-6,35.1683193,129.1591128,해운정사,선학원
94,부산,부산광역시 해운대구 반여3동 산 131-5,35.2003938,129.1332514,관음정사,조계종
95,대구,대구광역시 남구 앞산순환로 440(대명동 1480-1번지),35.8236006,128.5753648,안일사,조계종
96,대구,대구광역시 남구 고산3길 96-4(봉덕동 산148번지),35.8232031,128.5968464,법장사,조계종
97,대구,대구광역시 남구 앞산순환로 574-120(봉덕동 1572번지),35.8235878,128.5896298,은적사,조계종
98,대구,대구시 달서구 상인동 1321,35.8105693,128.5609391,임휴사,조계종
99,대구,대구광역시 달성군 가창면 헐티로 1068 (오리 151),35.7719536,128.5836871,운흥사,조계종
100,대구,대구광역시 달성군 가창면 남지장사길 95 (우록리 872),35.7343839,128.6270387,남지장사,조계종
101,대구,대구광역시 달성군 옥포면 용연사길 260 (반송리 882),35.7468062,128.5260136,용연사,조계종
102,대구,대구광역시 달성군 유가면 유가사길 161 (양리 144),35.7123655,128.5062019,유가사,조계종
103,대구,대구광역시 달성군 유가면 휴양림길 228 (용리 4),35.6878764,128.4967882,소재사,조계종
104,대구,대구광역시 달성군 현풍면 현풍동로27길 54-6 (부리 382),35.6981428,128.4451039,현풍포교당,조계종
105,대구,대구광역시 달성군 화원읍 화원휴양림길 132 (본리리 1137-1),35.7688159,128.5388896,용문사,조계종
106,대구,대구광역시 달성군 화원읍 비슬로 522길 41 (천내리 516-1),35.8027696,128.5018846,화장사,조계종
107,대구,대구광역시 동구 능성동 613-35,35.9779067,128.7330575,관암사,태고종
108,대구,대구광역시 동구 도동 672,35.9189535,128.6644026,관음사,조계종
109,대구,대구광역시 동구 도학동 35,35.9933115,128.7036871,동화사,조계종
110,대구,대구광역시 동구 도학동 620,35.9764847,128.7145353,북지장사,조계종
111,대구,대구광역시 동구 신무동 356-1,35.9953588,128.6726452,부인사,조계종
112,대구,대구광역시 동구 중대동 7,36.0015029,128.6404735,파계사,조계종
113,대구,대구광역시 남구 명덕로 54길 34,35.8540757,128.5973714,서봉사,선학원
114,인천,인천광역시 강화군 강화읍 고비고개로 188번길 112,37.7466034,126.4480033,청련사,조계종
115,인천,인천광역시 강화군 강화읍 청하동길 36번길 62,37.7429125,126.4749496,청수암,조계종
116,인천,인천광역시 강화군 길상면 전등사로 37-41,37.6329348,126.4849671,전등사,조계종
117,인천,인천광역시 강화군 내가면 연촌길 181,37.738198,126.410492,적석사,조계종
118,인천,인천광역시 강화군 삼산남로 823번길 44,37.6851901,126.3175457,보문사,조계종
119,인천,인천광역시 강화군 하점면 고려산로 61번길 270,37.7513857,126.4370123,백련사,조계종
120,인천,인천광역시 강화군 화도면 해안남로 1258번길 142,37.6084671,126.4458665,정수사,조계종
121,인천,인천광역시 중구 운남로 199-1,37.4973115,126.5279434,용궁사,태고종
122,인천,인천 연수구 청량로70번길 40-17,37.4168475,126.6600533,흥륜사,관음종
123,광주,광주광역시 동구 중앙로 197(금남로4가),35.151032,126.9157526,원각사,조계종
124,광주,광주광역시 동구 증심사길160번길 89(운림동),35.122296,126.9720737,약사사,조계종
125,광주,광주광역시 동구 증심사길 117(운림동),35.1311143,126.9622273,증심사,조계종
126,광주,광주광역시 북구 무등로 1514-35(금곡동),35.1484635,126.985595,원효사,조계종
127,광주,광주광역시 북구 삼정로66번길 42-10(두암동),35.1689955,126.9401248,신광사,조계종
128,광주,광주광역시 동구 증심사길 81(운림동),35.1329081,126.9615509,문빈정사,조계종
129,대전,대전광역시 동구 대전로 316번길 205,36.3012475,127.4695099,고산사,조계종
130,대전,대전광역시 동구 대전로 592-20,36.3140061,127.4422687,심광사,선학원
131,대전,대전광역시 서구 배재로197번길 200,36.3225865,127.3601903,내원사,태고종
132,대전,대전광역시 중구 부사로 70,36.306671,127.4335188,복전암(구 복전선원),선학원
133,대전,대전광역시 중구 정생로 403,36.2362109,127.3909954,중암사,조계종
134,대전,대전광역시 대덕구 비래골길 47-74,36.3729771,127.4510141,비래사,조계종
135,울산,울산광역시 동구 옥류로 93(동부동),35.5482765,129.418974,동축사,조계종
136,울산,울산광역시 동구 봉수로 55(화정동),35.4980115,129.4109889,월봉사,조계종
137,울산,울산광역시 북구 대안4길 280(대안동),35.6611763,129.3906319,신흥사,조계종
138,울산,울산광역시 북구 무룡로 225(연암동),35.5795628,129.3712817,옥천암,조계종
139,울산,울산광역시 북구 화봉15길 77(화봉동),35.5941597,129.374269,도솔암,조계종
140,울산,울산광역시 울주군 상북면 석남로 557,35.6193139,129.0367482,석남사,조계종
141,울산,울산광역시 울주군 온양읍 대운상대길 382,35.3989512,129.2311358,내원암,조계종
142,울산,울산광역시 울주군 청량면 문수산길 514,35.5305262,129.2147521,문수사,조계종
143,울산,울산광역시 중구 기상대길 13(북정동),35.5597755,129.3205084,해남사,조계종
144,울산,울산광역시 중구 백양로 67(성안동),35.5744907,129.3137535,백양사,조계종
145,울산,울산광역시 중구 신기16길 62(태화동),35.5562753,129.2968831,관음사,조계종
146,세종,세종특별자치시 전의면 다방리 4,36.6111806,127.1919872,비암사,조계종
147,세종,세종특별자치시 서면 월하리 1047,36.5924895,127.2792726,연화사,태고종
148,세종,세종특별자치시 조치원읍 번암리 산2-4,36.5783777,127.296392,관음암,태고종
149,세종,세종특별자치시 전의면 양곡리 산33-1,36.6372991,127.1948271,청안사,조계종
150,세종,세종특별자치시 조치원읍 신안리 139,36.6233858,127.2890669,신광사,선학원
151,세종,세종특별자치시 동면 명학리 산31-1,36.5251798,127.3478576,황룡사,조계종
152,세종,세종특별자치시 장기면 산학리 441,36.4733507,127.2277683,영평사,조계종
153,세종,세종특별자치시 서면 신대리 268-1,36.5844138,127.2462982,학림사,선학원
154,경기,경기도 가평군 북면 백둔로 21-123 (제령리 산192),37.8916992,127.5047753,대원사,조계종
155,경기,경기도 가평군 조종면 현등사길 34 (운악리 산163),37.8706346,127.3308628,현등사,조계종
156,경기,경기도 고양시 덕양구 대서문길 268 (북한동 416-8),37.6469313,126.9626722,국녕사,조계종
157,경기,경기도 고양시 덕양구 대서문길 311-35 (북한동 331),37.649574,126.9731426,노적사,조계종
158,경기,경기도 고양시 덕양구 대서문길 184 (북한동 465),37.6536489,126.9592133,무량사,법화종
159,경기,경기도 고양시 덕양구 대서문길 433 (북한동 18),37.6533476,126.9562838,봉성암,조계종
160,경기,경기도 고양시 덕양구 대서문길 197-22 (북한동 370),37.6564716,126.9690778,상운사,조계종
161,경기,경기도 고양시 덕양구 대서문길 145-63 (북한동 515-1),37.6563291,126.9592778,아미타사(구 덕암사),선학원
162,경기,경기도 고양시 덕양구 대서문길 393 (북한동 259),37.6460584,126.9766199,중흥사,조계종
163,경기,경기도 고양시 덕양구 대서문길 406 (북한동 15),37.6455367,126.9782734,태고사,태고종
164,경기,경기도 고양시 덕양구 흥국사길 82 (지축동 203),37.6637006,126.9398713,흥국사,조계종
165,경기,경기도 과천시 교육원로 41 (갈현동 산126-21),37.4226303,126.985059,보광사,조계종
166,경기,경기도 과천시 자하동길 63 (중앙동 85-1),37.4417791,126.9656062,연주암,조계종
167,경기,경기도 광주시 남한산성면 남한산성로 731-73 (산성리 198-5),37.4813259,127.1798709,개원사,조계종
168,경기,경기도 광주시 오포읍 양촌길 268-1 (양벌리 825),37.3731086,127.2718902,극락사,조계종
169,경기,경기도 광주시 남한산성면 남한산성로 680 (산성리 14),37.4810684,127.1830477,망월사,조계종
170,경기,경기도 광주시 남종면 산수로 1876-34 (귀여리 551),37.5055978,127.3163987,명성암,조계종
171,경기,경기도 광주시 도척면 도척로 982-118 (추곡리 산25-1),37.2901038,127.2949204,백련암,태고종
172,경기,경기도 광주시 남한산성면 남한산성로 676 (산성리 22-1),37.4809497,127.1836331,장경사,조계종
173,경기,경기도 광주시 도척면 방도길 66번길 148-77,37.2813539,127.3094074,수도사,조계종
174,경기,경기도 김포시 대곶면 약암로 872-80 (약암리 629-1),37.6313078,126.5585881,광은사,조계종
175,경기,경기도 김포시 승가로 73 (풍무동 662-1),37.6054334,126.7150009,금정사,조계종
176,경기,경기도 김포시 월곶면 문수산로 102-33 (성동리 232),37.7505308,126.5372611,문수사,태고종
177,경기,경기도 군포시 속달로 347-181 (속달동 329),37.3541593,126.8968145,수리사,조계종
178,경기,경기도 김포시 금포로 1487-5 (운양동 831),37.6643908,126.6755871,용화사,조계종
179,경기,경기도 남양주시 진건읍 진건오남로 390번길 284 (송능리 3),37.6754989,127.2210593,견성암,조계종
180,경기,경기도 남양주시 별내면 순화궁로 909번길 104 (청학리 578),37.700042,127.0867513,내원암,조계종
181,경기,경기도 남양주시 와부읍 수례로 661번길 174 (월문리 222),37.6233107,127.2611171,묘적사,조계종
182,경기,경기도 남양주시 화도읍 가곡로 198 (가곡리 419),37.6909706,127.2897188,보광사,조계종
183,경기,경기도 남양주시 진접읍 봉선사길 32 (부평리 255),37.7471009,127.1840046,봉선사,조계종
184,경기,경기도 남양주시 진접읍 내각2로 84-77 (내각리 148),37.712585,127.159567,봉영사,조계종
185,경기,경기도 남양주시 불암산로 190 (별내동 797),37.658725,127.0987006,불암사,조계종
186,경기,경기도 남양주시 불암산로 175 (별내동 산97),37.6599814,127.096317,석천암,조계종
187,경기,경기도 남양주시 조안면 북한강로433번길 186 (송촌리 1060),37.5704602,127.3022053,수종사,조계종
188,경기,경기도 남양주시 불암산로97번길 32-200 (별내동 797-1 ),37.6524081,127.1013068,천보사,조계종
189,경기,경기도 남양주시 별내면 덕릉로1071번길 58 (별내동 2331),37.6846216,127.0985775,흥국사,조계종
190,경기,경기도 동두천시 평화로2910번길 406-65 (상봉암동 1),37.944499,127.0820074,자재암,조계종
191,경기,경기도 성남시 수정구 태평로55번길 72 (복정동 553-1),37.4534298,127.1371385,망경암,조계종
192,경기,경기도 성남시 수정구 태평로 79 (태평동 216-2호),37.450685,127.1352304,봉국사,조계종
193,경기,경기도 성남시 중원구 산성대로625번길 22 (은행동 산 7-2),37.4687422,127.1775586,약사사,여래종
194,경기,경기도 수원시 팔달구 창룡대로 236-54 (우만동 248),37.2909408,127.0380504,봉녕사,조계종
195,경기,경기도 수원시 팔달구 수원천로 300 (남수동 92-1),37.2804508,127.0189577,수원사,조계종
196,경기,경기도 수원시 장안구 수일로 335 (조원동 474-1),37.3008174,127.022957,청련암,조계종
197,경기,경기도 수원시 팔달구 행궁로 68 (팔달로3가 116),37.276412,127.0151863,팔달사,선학원
198,경기,경기도 안산시 단원구 대부황금로 1171 (대부북동 1058),37.2694489,126.5730275,쌍계사,조계종
199,경기,경기도 안산시 상록구 도매시장로 140 (일동 726),37.3179473,126.8662685,화림선원,선학원
200,경기,경기도 안성시 금광면 상촌새말길 3-120 (상중리 508번지),36.939742,127.3070037,석남사,조계종
201,경기,경기도 안성시 미양면 법전길 260-31 (법전리 181),36.9418575,127.2091808,용화사,조계종
202,경기,경기도 안성시 양성면 성하길 80-63 (방신리 85),37.0361871,127.1698905,운수암,조계종
203,경기,경기도 안성시 서운면 청룡길 140 (청용리 28),36.9136471,127.2888748,청룡사,조계종
204,경기,경기도 안성시 원곡면 통심길 16-102 (성은리 397),37.0713931,127.1738651,청원사,조계종
205,경기,경기도 안성시 죽산면 칠장로 399-18 (칠장리 764),37.0263926,127.3977262,칠장사,조계종
206,경기,경기도 안양시 동안구 임곡로 245 (비산동 산19),37.4185018,126.9525,망해암,조계종
207,경기,경기도 안양시 만안구 삼막로 478 (석수동 241-54),37.4344655,126.9360887,삼막사,조계종
208,경기,경기도 안양시 만안구 예술공원로131번길 103 (석수동 산28),37.4224944,126.9240904,안양사,태고종
209,경기,경기도 안양시 만안구 예술공원로245번길 150 (석수동 산17),37.4285483,126.9344236,염불사,조계종
210,경기,경기도 양주시 부흥로 1325-194 (유양동 산40),37.7885955,127.0269688,백화암,조계종
211,경기,경기도 양주시 장흥면 석굴암길 519 (교현리 1),37.6953386,126.9946627,석굴암,조계종
212,경기,경기도 양주시 회암사길 281 (회암동 산4),37.8505785,127.1078715,회암사,조계종
213,경기,경기도 양평군 지평면 역말4길 58 (송현리 산 91),37.4854107,127.6263393,대성사,조계종
214,경기,경기도 양평군 옥천면 사나사길 329 (용천리 302),37.5382099,127.5063107,사나사,조계종
215,경기,경기도 양평군 용문면 상원사길 292 (연수리 220-5),37.548276,127.5534537,상원사,조계종
216,경기,경기도 양평군 용문면 용문산로 782 (신점리 625),37.5497335,127.5723678,용문사,조계종
217,경기,경기도 여주시 가남읍 안금3길 3-43 (안금리 99-1 ),37.2288137,127.6053001,대법사,태고종
218,경기,경기도 여주시 금사면 발림길 89-47 (외평리 453번지),37.3908626,127.5112123,대성사,법상종
219,경기,경기도 여주시 신륵사길 73 (천송동 282),37.2974985,127.6615769,신륵사,조계종
220,경기,경기도 여주시 북내면 당전로 345-4 (중암리 438),37.3477907,127.7060966,흥왕사,조계종
221,경기,경기도 연천군 신서면 동내로 970번길 32-268 (내산리 354),38.1283189,127.1528315,원심원사,조계종
222,경기,경기도 오산시 독산성로269번길 144 (지곶동 150),37.1837511,127.0195181,보적사,조계종
223,경기,경기도 용인시 처인구 이동면 어진로 842 (어비리 807-9),37.1080393,127.1982342,동도사,불이종
224,경기,경기도 용인시 처인구 포곡읍 에버랜드로456번길 290 (가실리 산14-2),37.3078804,127.1847731,백련사,조계종
225,경기,경기도 용인시 처인구 원삼면 농촌파크로 126 (고당리 243-2),37.1696823,127.2991336,법륜사,조계종
226,경기,경기도 용인시 처인구 이동면 이원로 471-41 (묵리 478-2),37.1697256,127.2455377,용덕사,조계종
227,경기,경기도 의왕시 왕곡로 323 (왕곡동 산3 ),37.3499163,127.008078,백운사,조계종
228,경기,경기도 의왕시 청계로 475 (청계동 11),37.4118182,127.035081,청계사,조계종
229,경기,경기도 의정부시 망월로28번길 211-500 (호원동 413),37.7047285,127.0213867,망월사,조계종
230,경기,경기도 의정부시 고산로65번길 94 (고산동 647),37.7324377,127.1000205,미륵암,조계종
231,경기,경기도 의정부시 동일로122번길 177 (장암동 산147),37.7011655,127.066482,석림사,조계종
232,경기,경기도 의정부시 호국로 1114번길 142(가능동 산81-219),37.7288475,127.0213334,성불사,조계종
233,경기,경기도 의정부시 망월로28번길 356 (호원동 229-149),37.7069987,127.0310828,원효사,조계종
234,경기,"경기도 의정부시 전좌로155번길 262 (호원동 411, 산89-1)",37.7220437,127.0334867,회룡사,조계종
235,경기,경기도 이천시 장호원읍 경충대로519번길 246-314 (선읍리 930-2),37.1455417,127.5571089,신흥사,조계종
236,경기,경기도 이천시 설성면 설성로570번길 50-319 (자석리 산 51),37.1642232,127.5593553,연화정사,해동종
237,경기,경기도 이천시 백사면 원적로869번길 309-52 (송말리 436),37.35348,127.463296,영원사,조계종
238,경기,경기도 이천시 경충대로2709번길 388 (관고동438),37.2814641,127.4155453,영월암,조계종
239,경기,경기도 파주시 탄현면 필승로 292-33 (성동리 689),37.7697908,126.6870402,검단사,조계종
240,경기,경기도 파주시 광탄면 보광로474번길 87 (영장리 13),37.7529717,126.9197498,보광사,조계종
241,경기,경기도 파주시 월롱면 용상골길 403 (덕은리 268-1),37.7982172,126.7665175,용상사,일승종
242,경기,경기도 파주시 광탄면 혜음로 742-28 (용미리 651-3),37.7517481,126.8580941,용암사,조계종
243,경기,경기도 평택시 진위면 진위로 181-82 (동천리 548),37.1080549,127.1008589,만기사,조계종
244,경기,경기도 평택시 서탄면 장등안길 38 (장등리 621),37.0754211,127.0215038,보국사,태고종
245,경기,경기도 평택시 고덕면 방축4길 22-49 (방축리 103-1),37.0156537,127.0441817,서천사,해동종
246,경기,경기도 평택시 포승읍 호암길 58 (원정리 85-3),37.0026071,126.8219163,수도사,조계종
247,경기,경기도 평택시 현덕면 심복사길 22 (덕목리 115),36.950224,126.9665854,심복사,조계종
248,경기,경기도 평택시 안중읍 용성3길 120-10 (용성리 378),37.0083936,126.9352051,약사사,조계종
249,경기,경기도 평택시 팽성읍 동서촌로 137 (객사리 75),36.9654949,127.066544,자비사,조계종
250,경기,경기도 포천시 호병골길 193 (신읍동 699),37.8994154,127.1719547,왕산사,조계종
251,경기,경기도 포천시 이동면 포화로 236-73 (도평리 38),38.0715774,127.4100493,흥룡사,조계종
252,경기,경기 포천시 영북면 산정호수로 808,38.0738278,127.3272966,자인사,조계종
253,경기,경기도 화성시 동탄면 풀무골로 219 (중리 140),37.2095917,127.1500322,만의사,조계종
254,경기,경기도 화성시 남양읍 주석로80번길 139 (북양리 642),37.2061009,126.8453641,봉림사,조계종
255,경기,경기도 화성시 서신면 신흥사길 17-34 (상안리 72-15),37.1933889,126.7099836,신흥사,조계종
256,경기,경기도 화성시 용주로 136 (송산동 188),37.2122666,127.0050782,용주사,조계종
257,경기,경기도 부천시 원미구 소사로 367 (원미동 산29-30),37.490942,126.7937105,석왕사,조계종
258,경기,경기도 하남시 서하남로588번길 125 (교산동 55-1),37.5181237,127.2086379,선법사,태고종
259,강원,강원도 강릉시 강동면 정동진리 산17,37.7125923,129.0027189,낙가사,조계종
260,강원,강원도 강릉시 구정면 어단리 산366,37.6757861,128.8912322,법왕사,조계종
261,강원,강원도 강릉시 금학동 29,37.7538335,128.8970934,관음사,조계종
262,강원,강원도 강릉시 사천면 사기막리 821,37.7897926,128.7803157,용연사,조계종
263,강원,강원도 강릉시 성산면 보광리 산544,37.7361352,128.7581856,보현사,조계종
264,강원,강원도 강릉시 구정면 구정리 29,37.6934861,128.872033,청학사,지암불교문화재단
265,강원,강원도 고성군 간성읍 교동리 280,38.3807328,128.4400706,극락암,조계종
266,강원,강원도 고성군 거진읍 냉천리 36,38.4021969,128.3780483,건봉사,조계종
267,강원,강원도 고성군 토성면 신평리 476,38.2556581,128.5366272,화암사,조계종
268,강원,강원도 동해시 삼화동 산172,37.5033146,129.0294563,삼화사,조계종
269,강원,강원도 동해시 용정동 502-2,37.5146318,129.1264811,감추사,태고종
270,강원,강원도 삼척시 근덕면 궁촌리 924,37.283049,129.2558737,영은사,조계종
271,강원,강원도 삼척시 근덕면 동막리 1332,37.3236435,129.2050695,신흥사,조계종
272,강원,강원도 삼척시 미로면 내미로리 785,37.4447367,129.0426632,천은사,조계종
273,강원,강원도 삼척시 성내동 8-1,37.4418567,129.1600557,삼장사,조계종
274,강원,강원도 속초시 설악동 170,38.1626862,128.4849533,신흥사,조계종
275,강원,강원도 속초시 설악동 216,38.1626862,128.4849533,계조암,조계종
276,강원,강원도 속초시 동명동 579-2,38.2136768,128.5854215,보광사,조계종
277,강원,강원도 양양군 강현면 둔전리 124-5,38.1229329,128.5453124,진전사,조계종
278,강원,강원도 양양군 강현면 전진리 55,38.1246689,128.6273735,낙산사,조계종
279,강원,강원도 양양군 강현면 전진리 산5-2,38.1261253,128.6267855,홍련암,조계종
280,강원,강원도 양양군 양양읍 파일이리 산323,38.0916719,128.6008288,영혈사,조계종
281,강원,강원도 양양군 현북면 어성전리 488,37.9528671,128.6701178,명주사,조계종
282,강원,강원도 영월군 무릉도원면 법흥리 산 5-3,37.3737315,128.2590199,법흥사,조계종
283,강원,강원도 영월군 영월읍 영흥리 1110,37.1978675,128.4576082,보덕사,조계종
284,강원,강원도 영월군 영월읍 영흥리 1117,37.2046727,128.4566026,금몽암,조계종
285,강원,강원도 원주시 소초면 학곡2리 1029,37.4076471,128.0860527,구룡사,조계종
286,강원,강원도 원주시 소초면 흥양3리 산1,37.406908,128.0174431,입석사,조계종
287,강원,강원도 원주시 신림면 성남2리 1060,37.2494732,128.1070946,상원사,조계종
288,강원,강원도 원주시 태장1동 122-1,37.3638515,127.9623051,영천사,조계종
289,강원,강원도 원주시 판부면 금대리 1388,37.305529,128.0310088,영원사,조계종
290,강원,강원도 원주시 행구동 98,37.3342346,128.0134734,국형사,조계종
291,강원,강원도 원주시 행구동 90-2,37.3338288,128.0263987,보문사,조계종
292,강원,강원도 인제군 북면 용대2리 690,38.19415,128.345012,백담사,조계종
293,강원,강원도 인제군 북면 용대리 산75,38.1886627,128.3651816,오세암,조계종
294,강원,강원도 인제군 북면 용대리 산76,38.1886627,128.3651816,봉정암,조계종
295,강원,강원도 인제군 인제읍 상동3리 383,38.237256,128.3502046,백련정사,조계종
296,강원,강원도 정선군 고한읍 고한리 산213,37.1913028,128.8747338,정암사,조계종
297,강원,강원도 철원군 동송읍 관우리 450,38.2405688,127.2180746,도피안사,조계종
298,강원,강원도 철원군 동송읍 상로리 72-1,38.1630988,127.2493988,심원사,조계종
299,강원,강원도 춘천시 북산면 청평리 674,37.9864299,127.8090217,청평사,조계종
300,강원,강원도 춘천시 서면 덕두원리 54-3,37.8411375,127.6696358,상원사,조계종
301,강원,강원도 평창군 평창읍 중리 219-1,37.3698032,128.4004529,극락사,조계종
302,강원,강원도 평창군 진부면 동산리 63-1,37.7594062,128.5710184,월정사,조계종
303,강원,강원도 홍천군 동면 덕치리 산9,37.7027516,127.9434817,수타사,조계종
304,강원,강원도 홍천군 내촌면 서곡리 19,37.8307247,128.1327701,쌍계사,조계종
305,강원,강원도 횡성군 청일면 신대리 138,37.5975534,128.2262605,봉복사,태고종
306,강원,강원도 횡성군 횡성읍 남산리 72-5,37.4711206,127.997931,보광사,조계종
307,충북,충청북도 청주시 서원구 사직동 216-1,36.6417048,127.4820771,용화사,조계종
308,충북,충청북도 청주시 상당구 용암동 7,36.6284097,127.5362199,보살사,조계종
309,충북,충청북도 청주시 상당구 수동 5-2,36.64332,127.5000535,복천암,태고종
310,충북,충청북도 청주시 청원구 우암동 산25,36.6506444,127.5009063,보현사,태고종
311,충북,충청북도 청주시 흥덕구 비하동 395-29,36.6348151,127.4119521,연화사,태고종
312,충북,충청북도 청주시 흥덕구 수의동 507,36.6062648,127.379484,청룡사,태고종
313,충북,충청북도 청주시 상당구 가덕면 병암리 산20-1,36.5732097,127.5811993,화림사,태고종
314,충북,충청북도 청주시 상당구 가덕면 한계리 1,36.5930645,127.5840719,백족사,태고종
315,충북,충청북도 청주시 서원구 남이면 사동리 271,36.5524075,127.413245,안심사,조계종
316,충북,충청북도 청주시 서원구 남이면 문동리 150,36.5455981,127.4852921,동화사,태고종
317,충북,충청북도 청주시 상당구 문의면 염티소전로 55-100,36.4648707,127.5310041,월리사,조계종
318,충북,충청북도 청주시 서원구 현도면 하석리 39-1,36.4803902,127.4768841,현암사,조계종
319,충북,충청북도 청주시 상당구 미원면 운용리 274,36.6834264,127.6662345,운용사,태고종
320,충북,충청북도 충주시 단월동 455,36.9467668,127.9008692,단호사,태고종
321,충북,충청북도 충주시 단월동 2-14,36.9381428,127.9283925,정심사,태고종
322,충북,충청북도 충주시 지현동 269,36.9692836,127.9292309,대원사,조계종
323,충북,충청북도 충주시 고든곤길 63-89,36.9872192,127.9282976,창룡사,조계종
324,충북,충청북도 충주시 중앙탑면 장천리 산73,37.0525332,127.8577217,봉학사,태고종
325,충북,충청북도 충주시 소태면 오량리 561-1,37.1322556,127.8402972,청룡사,법화종
326,충북,충청북도 충주시 엄정면 괴동리 223-2,37.1147836,127.9211001,백운암,조계종
327,충북,충청북도 충주시 엄정면 신만리 산3-6,37.1116086,127.9455305,신흥사,법화종
328,충북,충청북도 충주시 직동 148-1,36.9485149,127.9690655,석종사,조계종
329,충북,충청북도 충주시 수안보면 미륵리사지길 150,36.822223,128.0947224,미륵세계사,조계종
330,충북,충청북도 제천시 교동 140-25,37.1387582,128.2176115,복천사,대한불교육주회
331,충북,충청북도 제천시 남천동 967,37.1348731,128.2136696,원각사,태고종
332,충북,충청북도 제천시 장락동 64,37.1479243,128.2308132,장락사,선학원
333,충북,충청북도 제천시 금성면 청풍호로39길 285,37.0308271,128.20529,무암사,조계종
334,충북,충청북도 제천시 덕산면 월악로9길 113,36.9278436,128.115468,고산사,조계종
335,충북,충청북도 제천시 덕산면 월악리 803-5,36.8792361,128.1301815,신륵사,조계종
336,충북,충청북도 제천시 봉양읍 명암리 325,37.228246,128.1387145,백련사,조계종
337,충북,충청북도 제천시 송학면 시곡리 719-2,37.1998377,128.2757514,월명사,태고종
338,충북,충청북도 제천시 송학면 시곡리 산79-6,37.2062878,128.2655362,강천사,선학원
339,충북,충청북도 제천시 수산면 능강리 161-1,36.9989733,128.2075485,정방사,조계종
340,충북,충청북도 제천시 한수면 송계리 3,36.8619253,128.0986982,덕주사,조계종
341,충북,충청북도 제천시 남천동 1020,37.1344522,128.2133327,한산사,조계종
342,충북,충청북도 제천시 백운면 금봉로 276,37.1508432,128.045631,경은사,조계종
343,충북,충청북도 제천시 수산면 월악로 3739-30,36.9471297,128.2578488,옥천사,조계종
344,충북,충청북도 보은군 속리산면 사내리 209,36.5419133,127.8331736,법주사,조계종
345,충북,충청북도 보은군 속리산면 사내리 209,36.5419133,127.8331736,수정암,조계종
346,충북,충청북도 보은군 속리산면 사내리 산1-21,36.5469732,127.8596784,상환암,조계종
347,충북,충청북도 보은군 속리산면 사내리 산1-19,36.551884,127.852484,복천암,조계종
348,충북,충청북도 보은군 속리산면 사내리 산1-1,36.5504225,127.8424241,동암,조계종
349,충북,충청북도 보은군 속리산면 사내리 산1-16,36.5612273,127.8538039,중사자암,조계종
350,충북,충청북도 보은군 속리산면 사내리 산1-1,36.5504225,127.8424241,상고암,조계종
351,충북,충청북도 보은군 속리산면 사내리 산1-12,36.5483563,127.8472271,탈골암,조계종
352,충북,충청북도 보은군 속리산면 사내리 산1-1,36.5504225,127.8424241,여적암,조계종
353,충북,충청북도 보은군 속리산면 법주사로 658-191,36.5575451,127.8673736,관음암,조계종
354,충북,충청북도 옥천군 군서면 상중리 산31-4,36.3051387,127.4998758,구절사,조계종
355,충북,충청북도 옥천군 안내면 답양리 543,36.4015791,127.5975722,가산사,조계종
356,충북,충청북도 옥천군 옥천읍 교동리 297-6,36.316742,127.5907369,대성사,태고종
357,충북,충청북도 옥천군 옥천읍 문정리 408-4,36.3034056,127.5753931,송림사,조계종
358,충북,충청북도 옥천군 옥천읍 삼청리 산51-4,36.2593973,127.5639587,용암사,조계종
359,충북,충청북도 옥천군 이원면 강청리 98-4,36.2458022,127.6136688,대성사,태고종
360,충북,충청북도 옥천군 청성면 도장리 127-1,36.3792523,127.7311281,문수암,조계종
361,충북,충청북도 영동군 심천면 심천리 238,36.2405877,127.7253674,영암사,선교종
362,충북,충청북도 영동군 양산면 영국동길 225-35,36.1581457,127.6105204,영국사,조계종
363,충북,충청북도 영동군 영동읍 부용리 436-2,36.1771374,127.7671116,금성사,조계종
364,충북,충청북도 영동군 영동읍 화신로 529,36.1482485,127.8392363,중화사,조계종
365,충북,충청북도 영동군 황간면 난곡리 524-4,36.2470726,127.9208781,지장사,선교종
366,충북,충청북도 영동군 황간면 신흥리 132-1,36.2418019,127.9070999,영천사,조계종
367,충북,충청북도 영동군 황간면 우매리 151-1,36.2803697,127.9088209,반야사,조계종
368,충북,충청북도 영동군 매곡면 강진리 704-5,36.1467878,127.9477995,영축선원,선학원
369,충북,충청북도 증평군 증평읍 송산리 산1-5,36.7950214,127.5856905,미륵사,조계혜능종
370,충북,충청북도 증평군 증평읍 연탄리 산63-64,36.8038926,127.54732,보타사,태고종
371,충북,충청북도 증평군 도안면 광덕리 산21-2,36.8334917,127.6248875,광덕사,법화종
372,충북,충청북도 진천군 덕산면 산수리 39,36.881261,127.4888615,성림사,태고종
373,충북,충청북도 진천군 진천읍 신정리 584-1,36.8553726,127.4512267,용화사,조계종
374,충북,충청북도 진천군 진천읍 원덕리 산33-8,36.8407502,127.4229362,대흥사,조계종
375,충북,충청북도 진천군 진천읍 지암리 267-1,36.821219,127.3920644,문수암,조계종
376,충북,충청북도 진천군 초평면 영구리 542,36.8352969,127.5514158,영수사,조계종
377,충북,충청북도 괴산군 괴산읍 동부리 428-1,36.8150101,127.7944695,개심사,조계종
378,충북,충청북도 괴산군 사리면 사담리 산2-30,36.8102831,127.6720872,보광사,태고종
379,충북,충청북도 괴산군 사리면 소매리 산20,36.8550557,127.6680543,백운사,선학원
380,충북,충청북도 괴산군 청천면 화양리 412,36.6684658,127.8147817,채운암,조계종
381,충북,충청북도 괴산군 청천면 괴산로공림길 104,36.6316847,127.8167464,공림사,조계종
382,충북,충청북도 괴산군 청천면 삼송리 산24,36.6726946,127.9014151,석천암,조계종
383,충북,충청북도 괴산군 칠성면 태성리 38,36.7547468,127.9275719,각연사,조계종
384,충북,충청북도 음성군 소이면 비산리 566,36.9425462,127.7415401,대경사,태고종
385,충북,충청북도 음성군 소이면 비산리 874-2,36.9552545,127.7303171,미타사,조계종
386,충북,충청북도 음성군 소이면 충도리 78,36.9192255,127.7341159,수도사,태고종
387,충북,충청북도 음성군 원남면 덕정리 442-2,36.899457,127.6347582,화암사,조계종
388,충북,충청북도 음성군 음성읍 용산리 산1-2,36.9618914,127.6799846,가섭사,조계종
389,충북,충청북도 단양군 대강면 황정리 산28,36.8534941,128.3408502,원통암,조계종
390,충북,충청북도 단양군 영춘면 백자리 132-1,37.0325105,128.480545,구인사,천태종
391,충북,충청북도 단양군 대강면 황정산로 423,36.8562747,128.3475886,미륵대흥사,조계종
392,충남,충청남도 공주시 계룡면 양화리 8,36.3351154,127.1840792,신원사,조계종
393,충남,충청남도 공주시 계룡면 중장리 52,36.3652589,127.1872433,갑사,조계종
394,충남,충청남도 공주시 금성동 11-3,36.4631812,127.1282285,영은사,조계종
395,충남,충청남도 공주시 반포면 학봉리 789,36.3531991,127.220138,동학사,조계종
396,충남,충청남도 공주시 사곡면 운암리 567,36.5590781,127.0123085,마곡사,조계종
397,충남,충청남도 공주시 의당면 월곡리 271,36.5558899,127.1591989,동혈사,조계종
398,충남,충청남도 금산군 제원면 신안사로 970,36.1708665,127.5824825,신안사,조계종
399,충남,충청남도 금산군 진산면 청림동로 440,36.1348859,127.3259611,태고사,태고종
400,충남,충청남도 금산군 남이면 보석사1길 30,36.0542737,127.4759457,보석사,조계종
401,충남,충청남도 금산군 추부면 서대동기길 120,36.2184588,127.5279585,서대사,조계종
402,충남,충청남도 금산군 남이면 보석사1길 148,36.0604084,127.4693234,영천암,조계종
403,충남,충청남도 금산군 복수면 동구들길 163,36.2487711,127.3843153,미륵사,선학원
404,충남,충청남도 논산시 강경읍 강경로 66번길 28,36.1513793,127.0165476,용암사,조계종
405,충남,충청남도 논산시 관촉로 1번길 25,36.1882398,127.1130739,관촉사,조계종
406,충남,충청남도 논산시 양촌면 중산길 192,36.1056184,127.2059152,쌍계사,조계종
407,충남,충청남도 논산시 연산면 연산1길 5-5,36.2134429,127.2168521,송불암,조계종
408,충남,충청남도 논산시 연산면 계백로 2614-11,36.2409286,127.2294707,개태사,조계종
409,충남,충청남도 당진시 고대면 진관리 529번지 일원,36.9125885,126.5942899,영랑사,조계종
410,충남,충청남도 당진시 면천면 성하리 560번지 일원,36.8102883,126.6496795,영탑사,조계종
411,충남,충청남도 당진시 석문면 삼화리207-36번지 일원,36.9557849,126.6256405,보덕사,조계종
412,충남,충청남도 보령시 남포면 창동1길 233-25,36.3138758,126.6299382,윤창암,법륜종
413,충남,충청남도 보령시 미산면 판미로 1178-39,36.2680435,126.6911388,중대암,조계종
414,충남,충청남도 보령시 미산면 보령호로 1139-102,36.2607432,126.6571886,금강암,조계종
415,충남,충청남도 보령시 성주면 심원계곡로 259-200,36.3521488,126.6735899,백운사,조계종
416,충남,충청남도 보령시 오천면 충청수영로 521-64,36.4380059,126.5499305,선림사,조계종
417,충남,충청남도 부여군 내산면 금지리 404-1,36.2557979,126.7194486,금지암,조계종
418,충남,충청남도 부여군 부여읍 동남리 20-3,36.2778029,126.9213584,조왕사,조계종
419,충남,충청남도 부여군 부여읍 쌍북리 산1,36.2925783,126.9130379,고란사,조계종
420,충남,충청남도 부여군 석성면 정각리 354,36.2563152,126.983166,정각사,조계종
421,충남,충청남도 부여군 외산면 만수리 116,36.3170158,126.6930522,무량사,조계종
422,충남,충청남도 부여군 외산면 만수리 124,36.314054,126.6930941,무진암,조계종
423,충남,충청남도 부여군 임천면 구교리 761,36.1910084,126.9005734,대조사,조계종
424,충남,충청남도 부여군 충화면 오덕리 284,36.1557129,126.7970222,오덕사,조계종
425,충남,충청남도 부여군 외산면 화성리 478-1,36.3355633,126.7398456,화암사,태고종
426,충남,충청남도 서산시 운산면 개심사로 321-86,36.746711,126.5903392,개심사,조계종
427,충남,충청남도 서산시 부석면 부석사길 243,36.7042591,126.4116544,부석사,조계종
428,충남,충청남도 서산시 부춘산1로 44(읍내동),36.7916397,126.445441,서광사,조계종
429,충남,충청남도 서산시 고북면 고요동1길 93-98,36.6638464,126.5672095,천장사,조계종
430,충남,충청남도 서산시 대산읍 망일산로 831-134,36.9377281,126.4467412,망일사,조계종
431,충남,충청남도 서산시 운산면 문수골길 201,36.7787799,126.5896857,문수사,조계종
432,충남,충청남도 서산시 해미면 일락골길 501,36.7281633,126.5886369,일락사,조계종
433,충남,충청남도 서산시 해미면 대곡리 602-1,36.6850593,126.5794988,송덕암,태고종
434,충남,충청남도 서산시 인지면 갓고개길 242-24,36.7928866,126.4125507,죽사,조계종
435,충남,충청남도 서산시 부석면 간월도1길 119-29,36.6037742,126.4111579,간월암,조계종
436,충남,충청남도 서천군 종천면 충서로 143번길,36.0918087,126.6648333,영수암,조계종
437,충남,충청남도 서천군 한산면 건지산길 122,36.0878843,126.7930303,봉서사,조계종
438,충남,충청남도 아산시 도송로632번길 138(유곡리),36.698775,126.9665763,봉곡사,조계종
439,충남,충청남도 아산시 송악면 평촌리 산2-11,36.7441487,127.008006,용담사,태고종
440,충남,충청남도 아산시 서부남로790번길 20-52(읍내리),36.785216,126.9263757,인취사,조계종
441,충남,충청남도 아산시 염치읍 산양리 221,36.8415566,126.9271279,세심사,조계종
442,충남,충청남도 아산시 설화산길 156(장존동),36.7466528,127.0258323,오봉사,조계종
443,충남,충청남도 예산군 광시면 동산2길119,36.5874039,126.7802254,대련사,조계종
444,충남,충청남도 예산군 덕산면 수덕사안길 79,36.6630169,126.6225493,수덕사,조계종
445,충남,충청남도 예산군 덕산면 가야산로 400-74,36.7188094,126.6356641,보덕사,조계종
446,충남,충청남도 예산군 삽교읍 도청대로 835-45,36.6785825,126.6678271,법륜사,법륜종
447,충남,충청남도 예산군 심앙면 용궁1길 21-29,36.7384901,126.8004293,화암사,조계종
448,충남,충청남도 예산군 예산읍 향천사로 117-20,36.6903692,126.861136,향천사,조계종
449,충남,충청남도 천안시 동남구 광덕면 광덕사길 30,36.6758024,127.0422947,광덕사,조계종
450,충남,충청남도 천안시 동남구 북면 은지리 산1-1,36.7870311,127.2798702,은석사,조계종
451,충남,충청남도 천안시 서북구 성거읍 천흥4길 503,36.8507476,127.2195525,만일사,조계종
452,충남,충청남도 천안시 동남구 성불사길 144,36.8285417,127.1969009,성불사,조계종
453,충남,충청남도 청양군 대치면 장곡길 241,36.417306,126.8596013,장곡사,조계종
454,충남,충청남도 청양군 장평면 상지길 165-10,36.3692361,126.8557487,정혜사,선학원
455,충남,충청남도 청양군 비봉면 신원리 산113,36.4858146,126.8110013,봉정사,조계종
456,충남,충청남도 태안군 근흥면 정죽리 1078,36.6835043,126.1580555,태국사,조계종
457,충남,충청남도 태안군 태안읍 동문리 817-1,36.7668851,126.2984397,태을암,조계종
458,충남,충청남도 태안군 태안읍 상옥리 1154,36.7713105,126.3140272,흥주사,조계종
459,충남,충청남도 홍성군 결성면 만해로127번길 35-99(무량리492),36.5450794,126.5373154,고산사,조계종
460,충남,충청남도 홍성군 광천읍 오서길625(담산리883-4),36.4708667,126.6466286,정암사,조계종
461,충남,충청남도 홍성군 구항면 구성북로160번길 76(오봉리171-2),36.604397,126.6183164,석련사,조계종
462,충남,충청남도 홍성군 장곡면 장곡길438번길 435(광성리 966),36.4656958,126.6600365,내원사,조계종
463,충남,충청남도 홍성군 홍성읍 홍덕서로185-22(월산리625-13),36.6095545,126.6261755,산혜암,조계종
464,충남,충청남도 홍성군 홍북읍 용봉산1길 109(신경리 510-24),36.6500725,126.6557357,용봉사,조계종
465,충남,충청남도 홍성군 구항면 거북로218번길 163(지정리570-1),36.5692392,126.6257946,구절암,태고종
466,전북,전라북도 고창군 고수면 칠성길 135,35.380778,126.7262571,문수사,조계종
467,전북,전라북도 고창군 고창읍 상원사길 214,35.4431885,126.7339125,상원사,조계종
468,전북,전라북도 고창군 대산면 연화길 88-56,35.3287136,126.5488343,용화사,태고종
469,전북,전라북도 고창군 부안면 질마재로 226-236,35.5233179,126.6162112,소요사,태고종
470,전북,전라북도 고창군 아산면 도솔길 294,35.4811781,126.5639745,도솔암,조계종
471,전북,전라북도 고창군 아산면 선운사로 242-73,35.5013952,126.5743597,석상암,조계종
472,전북,전라북도 고창군 아산면 선운사로 250,35.4972351,126.578397,선운사,조계종
473,전북,전라북도 고창군 아산면 도솔길 194-77,35.492908,126.5638217,참당암,조계종
474,전북,전라북도 군산시 개정면 원아산2길 135,35.9679478,126.8060085,지장암,태고종
475,전북,전라북도 군산시 나포면 군둔길 226,36.0247038,126.8467658,불주사,조계종
476,전북,전라북도 군산시 대야면 남흥길 90-28,35.9519464,126.82004,운심사,태고종
477,전북,전라북도 군산시 서수면 함안로 544,36.0151286,126.8687909,상주사,조계종
478,전북,전라북도 군산시 성산면 둔덕리 산26-5,36.0027218,126.781245,성흥사,태고종
479,전북,전라북도 군산시 설림3길 49(소룡동),35.9749343,126.6854054,은적사,조계종
480,전북,전라북도 군산시 서수면 내무장길 249,36.0120794,126.8534973,보천사,조계종
481,전북,전라북도 김제시 금구면 양시로 142-13,35.7691534,127.0066921,혜봉사,태고종
482,전북,전라북도 김제시 금산면 구성3길 522,35.7440875,127.0217401,학선암,조계종
483,전북,전라북도 김제시 금산면 모악15길 1,35.7232472,127.0537163,금산사,조계종
484,전북,전라북도 김제시 금산면 모악15길 80-122,35.7197324,127.0654045,청룡사,조계종
485,전북,전라북도 김제시 금산면 금산사1길 70-11,35.7216397,127.0052524,쌍룡사,태고종
486,전북,전라북도 김제시 금산면 청도6길 40,35.7451552,127.0473402,귀신사,조계종
487,전북,전라북도 김제시 만경읍 화포3길 63-12,35.8864851,126.8035983,조앙사,태고종
488,전북,전라북도 김제시 만경읍 화포3길 54-9,35.8867875,126.8053892,성모암,진묵대사유적진흥회
489,전북,전라북도 김제시 사정거리1길 20(요촌동),35.8017306,126.8837628,원각사,태고종
490,전북,전라북도 김제시 용지면 봉의로 205,35.8749874,126.9651632,용봉사,태고종
491,전북,전라북도 김제시 진봉면 심포10길 94,35.8594956,126.715475,망해사,조계종
492,전북,전라북도 김제시 청하면 청공로 185-80,35.8931331,126.8465243,청운사,태고종
493,전북,전라북도 김제시 황산5길 158 (황산동),35.7807911,126.9319056,문수사,조계종
494,전북,전라북도 김제시 승반길 103 (흥사동),35.82906,126.9062382,흥복사,조계종
495,전북,전라북도 남원시 노송로 1188-5(노암동),35.3888769,127.3715349,미륵암,태고종
496,전북,전라북도 남원시 용성로 151(도통동),35.4124734,127.3913565,선원사,조계종
497,전북,전라북도 남원시 산성길 239(산곡동),35.429287,127.3577523,선국사,조계종
498,전북,전라북도 남원시 산내면 입석길 94-129,35.4169473,127.6352434,실상사,조계종
499,전북,전라북도 남원시 산동면 대상2길 246,35.5122843,127.4556504,귀정사,조계종
500,전북,전라북도 남원시 산동면 중절길 108,35.4807463,127.4887234,창덕암,태고종
501,전북,전라북도 남원시 산동면 요천로 2675-90,35.4902375,127.4531422,승련사,선학원
502,전북,전라북도 남원시 탑골길 71(신촌동),35.4059023,127.4029064,심경암,관음종
503,전북,전라북도 남원시 소리길 122-24(어현동),35.4057125,127.3913746,덕음암,조계종
504,전북,전라북도 남원시 대복사길 61(왕정동),35.4167987,127.3687058,대복사,조계종
505,전북,전라북도 남원시 이백면 응령길 168,35.4186083,127.4674251,연화사,태고종
506,전북,전라북도 남원시 주천면 원천로 165-26,35.4106356,127.4124675,용담사,태고종
507,전북,전라북도 남원시 보절면 관음사길 82,35.4779206,127.4103819,관음사,태고종
508,전북,전라북도 남원시 양림길 58-42(어현동),35.403018,127.3945292,극락암,조계종
509,전북,전라북도 남원시 인월면 인월중군길 550,35.431775,127.5963534,백련사,조계종
510,전북,전라북도 무주군 무주읍 향한로 27-2,36.0098623,127.6591383,향산사,선학원
511,전북,전라북도 무주군 무주읍 북고사길 67,36.0172859,127.6593583,북고사,조계종
512,전북,전라북도 무주군 설천면 백련사길 580,35.8601082,127.766157,백련사,조계종
513,전북,전라북도 무주군 안성면 원통사로 676,35.8185926,127.699307,원통사,조계종
514,전북,전라북도 무주군 적상면 산성로 1050,35.9441966,127.6916048,안국사,조계종
515,전북,전라북도 부안군 변산면 내변산로 236-180,35.6412216,126.5575917,월명암,조계종
516,전북,전라북도 부안군 부안읍 서림공원길 92,35.7352592,126.7306075,성황사,조계종
517,전북,전라북도 부안군 상서면 개암로 248,35.6628253,126.6498851,개암사,조계종
518,전북,전라북도 부안군 위도면 내원암길 42,35.5918018,126.281036,내원암,조계종
519,전북,전라북도 부안군 진서면 내소사로 243,35.6175224,126.5871938,내소사,조계종
520,전북,전라북도 부안군 행안면 미륵골길 43,35.7324882,126.7145991,용화사,태고종
521,전북,전라북도 부안군 변산면 실상길 122,35.6361155,126.5757718,실상사,조계종
522,전북,전라북도 순창군 구림면 안심길 103-134,35.4860344,127.1176203,만일사,조계종
523,전북,전라북도 순창군 복흥면 봉덕길 131-144,35.4553642,126.8860601,구암사,조계종
524,전북,전라북도 순창군 순창읍 장류로 197-22,35.3726956,127.1239692,대모암,조계종
525,전북,전라북도 순창군 순창읍 금산로 56,35.3808884,127.1328896,실상암,조계종
526,전북,전라북도 순창군 팔덕면 강천산길 270,35.3982389,127.0557264,강천사,조계종
527,전북,전라북도 순창군 적성면 담순로 2168-33,35.4005691,127.2219101,일광사,태고종
528,전북,전라북도 완주군 경천면 화암사길 271,36.0663149,127.2870689,화암사,조계종
529,전북,전라북도 완주군 구이면 모악산길 243,35.7324027,127.0957568,대원사,조계종
530,전북,전라북도 완주군 봉동읍 추동로 231,35.9688241,127.1553958,학림사,조계종
531,전북,전라북도 완주군 상관면 정수사길 18,35.7832187,127.2532938,정수사,조계종
532,전북,전라북도 완주군 소양면 위봉길 53,35.9102394,127.2569618,위봉사,조계종
533,전북,전라북도 완주군 소양면 송광수만로 255-16,35.8855104,127.241955,송광사,조계종
534,전북,전라북도 완주군 소양면 원등산길 386,35.8816732,127.2922908,원등사,조계종
535,전북,전라북도 완주군 용진읍 봉서안길 313,35.9087745,127.2196995,봉서사,태고종
536,전북,전라북도 완주군 운주면 안심길 372,36.1088042,127.3032782,안심사,조계종
537,전북,전라북도 익산시 금마면 구룡길 57-125,36.0168073,127.0398853,사자암,조계종
538,전북,전라북도 익산시 낭산면 장암길 113,36.03758,127.0365076,심곡사,조계종
539,전북,전라북도 익산시 삼기면 진북로 273,36.0298668,127.0075866,석불사,화엄종
540,전북,전라북도 익산시 삼기면 진북로 347-23,36.0369385,127.0110427,태봉사,태고종
541,전북,전라북도 익산시 여산면 서촌1길 34-3,36.0557061,127.0826451,남원사,조계종
542,전북,전라북도 익산시 여산면 천호산길 155-23,36.0434132,127.1223004,백운사,조계종
543,전북,전라북도 익산시 여산면 천호산길 140,36.0426785,127.1177392,문수사,조계종
544,전북,전라북도 익산시 용안면 을동길 76-12,36.1299751,126.9540043,자명사,조계종
545,전북,전라북도 익산시 웅포면 백제로 495-57,36.081626,126.9156142,숭림사,조계종
546,전북,전라북도 임실군 성수면 성수산길 658,35.6358341,127.4249732,상이암,조계종
547,전북,전라북도 임실군 관촌면 상월로 889-19,35.7548015,127.2598833,신흥사,조계종
548,전북,전라북도 임실군 오수면 오수8길 49-30,35.5370219,127.3228889,해월암,조계종
549,전북,전라북도 임실군 임실읍 호반로 79-53,35.6168105,127.2697272,죽림암,조계종
550,전북,전라북도 장수군 산서면 원흥길 15-8,35.5849932,127.4219097,원흥사,태고종
551,전북,전라북도 장수군 산서면 봉서로 182-1,35.5469561,127.3862581,영월암,조계종
552,전북,전라북도 장수군 산서면 초장길 51-54,35.6035949,127.3790488,미륵암,태고종
553,전북,전라북도 장수군 장계면 장무로 492-8,35.7525089,127.6038393,성관사,조계종
554,전북,전라북도 장수군 장수읍 비행기로 1455-94,35.6236692,127.5115168,팔성사,조계종
555,전북,전라북도 장수군 천천면 신광길 31,35.7048463,127.4946877,신광사,조계종
556,전북,전라북도 전주시 덕진구 정여립로 1010-90,35.8354581,127.0852432,서고사,조계종
557,전북,전라북도 전주시 덕진구 왜망실1길 120,35.8114715,127.2056655,일출암,태고종
558,전북,전라북도 전주시 덕진구 도당산로 46-10,35.8450743,127.1583809,약수암,태고종
559,전북,전라북도 전주시 덕진구 한배미6길 55,35.8199502,127.1691285,선린사,태고종
560,전북,전라북도 전주시 덕진구 어은로 89-11,35.8205364,127.1288524,실상사,태고종
561,전북,전라북도 전주시 완산구 바람쐬는길 47-13,35.809154,127.1642781,승암사,태고종
562,전북,전라북도 전주시 완산구 낙수정2길 103-100,35.8095103,127.1680485,동고사,태고종
563,전북,전라북도 전주시 완산구 남고산성1길 53-88,35.7995009,127.1589989,남고사,조계종
564,전북,전라북도 전주시 완산구 남고산성1길 53-140,35.8014448,127.1568085,불정사,태고종
565,전북,전라북도 전주시 완산구 평화7길 49-67,35.7865616,127.1463349,학소암,조계종
566,전북,전라북도 전주시 완산구 외칠봉1길 36,35.8041684,127.1386653,정혜사,보문종
567,전북,전라북도 정읍시 고부면 영원로 644-224,35.6107173,126.7911179,유선사,조계종
568,전북,전라북도 정읍시 상신경1길 97,35.5587095,126.8810131,법인사,태고종
569,전북,전라북도 정읍시 내장산로 1253,35.5140935,126.9000238,내장사,조계종
570,전북,전라북도 정읍시 북면 정신로 183-64,35.6088147,126.8621235,남산사,태고종
571,전북,전라북도 정읍시 북면 보림1길 497,35.5659198,126.920043,보림사,조계종
572,전북,전라북도 정읍시 성황산길 50,35.5735197,126.8566109,일광사,태고종
573,전북,전라북도 정읍시 죽림 2길 28,35.5646868,126.8452164,정혜사,태고종
574,전북,전라북도 정읍시 정우면 정신로 832-20,35.6584339,126.8884847,정토사,조계종
575,전북,전라북도 정읍시 칠보면 허궁실 2길 186-125,35.5639803,126.9857495,석탄사,심우회
576,전북,전라북도 정읍시 태인면 태흥1길 59,35.6524785,126.952948,다천사,태고종
577,전북,전라북도 진안군 마령면 원강정1길 16-133,35.746929,127.3754019,보흥사,태고종
578,전북,전라북도 진안군 마령면 마이산남로 217,35.7579073,127.3975213,금당사,조계종
579,전북,전라북도 진안군 마령면 마이산남로 406,35.7594621,127.4145029,은수사,조계종
580,전북,전라북도 진안군 마령면 마이산남로 367,35.7584934,127.4112888,탑사,태고종
581,전북,전라북도 진안군 용담면 주용로 227-164,35.9656427,127.4759247,옥천암,조계종
582,전북,전라북도 진안군 정천면 수암길 54,35.9052586,127.4318221,천황사,조계종
583,전북,전라북도 진안군 진안읍 상역로 174-96,35.807222,127.4041885,고림사,조계종
584,전남,전라남도 강진군 강진읍 남성리 산4,34.6582431,126.7652358,고성사,조계종
585,전남,전라남도 강진군 강진읍 덕남리 484-24,34.606125,126.7513858,옥련사,조계종
586,전남,전라남도 강진군 군동면 파산리 1012-2,34.6663086,126.7777152,금곡사,태고종
587,전남,전라남도 강진군 군동면 화산리 544,34.6688415,126.8279456,화방사,조계종
588,전남,전라남도 강진군 대구면 용운리 26,34.5332752,126.8386387,정수사,조계종
589,전남,전라남도 강진군 도암면 만덕리 246,34.5879206,126.7476989,백련사,조계종
590,전남,전라남도 강진군 성전면 월하리 1174,34.7387661,126.6867836,무위사,조계종
591,전남,전라남도 고흥군 금산면 어전리 산74,34.4544656,127.1437971,송광암,조계종
592,전남,전라남도 고흥군 동강면 장덕리 699-2,34.8113357,127.3442611,흥덕사,조계종
593,전남,전라남도 고흥군 두원면 운곡길 204,34.6255025,127.3300845,수도암,조계종
594,전남,전라남도 고흥군 봉래면 신금리 산66,34.4650743,127.4634379,봉래사,조계종
595,전남,전라남도 고흥군 점암면 팔봉길 21,34.6388818,127.4142727,능가사,조계종
596,전남,전라남도 고흥군 포두면 금탑로 842,34.5425263,127.2867912,금탑사,조계종
597,전남,전라남도 곡성군 곡성읍 교촌리 184-1,35.283652,127.2815762,서산사,조계종
598,전남,전라남도 곡성군 곡성읍 월봉리 327,35.2671893,127.2575367,도림사,조계종
599,전남,전라남도 곡성군 오산면 신세리 2,35.231642,127.1252635,관음사,조계종
600,전남,전라남도 곡성군 옥과면 설옥 613,35.289183,127.111547,수도암,조계종
601,전남,전라남도 곡성군 죽곡면 원달리 20,35.1317561,127.3876252,태안사,조계종
602,전남,전라남도 곡성군 옥과면 미술관로 287,35.2969133,127.1209495,성륜사,조계종
603,전남,전라남도 곡성군 목사동면 대신로 381-336,35.0940169,127.2764414,천태암,조계종
604,전남,전라남도 광양시 광양읍 서북4길 30,34.9733148,127.5776341,보광사,조계종
605,전남,전라남도 광양시 옥룡면 백운사길 352,35.0915734,127.6166665,백운사,조계종
606,전남,전라남도 구례군 광의면 방광리 70,35.2737074,127.4762451,천은사,조계종
607,전남,전라남도 구례군 마산면 황전리 12,35.2565028,127.4975089,화엄사,조계종
608,전남,전라남도 구례군 문척면 죽마리 산4,35.1838212,127.4768072,사성암,조계종
609,전남,전라남도 구례군 토지면 내동리 산54-1,35.2584803,127.5868014,연곡사,조계종
610,전남,전라남도 나주시 경현동 629,35.0471605,126.698446,다보사,조계종
611,전남,전라남도 나주시 남평읍 풍림리 산1,35.0425777,126.8814026,죽림사,조계종
612,전남,전라남도 나주시 노안면 영평리 산37-1,35.0644868,126.7094276,태평사,태고종
613,전남,전라남도 나주시 다도면 마산리 999,34.9084818,126.8234314,불회사,조계종
614,전남,전라남도 나주시 다도면 암정리 899-2,34.9150187,126.8076804,문성암,조계종
615,전남,전라남도 나주시 다도면 암정리 972,34.9081618,126.801204,운흥사,조계종
616,전남,전라남도 나주시 다시면 가운리 419,35.0241206,126.662388,복암사,조계종
617,전남,전라남도 나주시 대호동 825,35.0394871,126.7121962,심향사,조계종
618,전남,전라남도 나주시 봉황면 철천리 산124,34.9386269,126.7819342,미륵사,조계종
619,전남,전라남도 담양군 금성면 외추리 산171-2,35.3170172,127.0174192,보광사,조계종
620,전남,전라남도 담양군 담양읍 남산리106,35.3130566,126.9902568,용화사,태고종
621,전남,전라남도 담양군 용면 용연리833,35.4598287,127.0332446,용추사,조계종
622,전남,전라남도 담양군 용면 월계리 산81-1,35.3984693,126.9915399,보리암,조계종
623,전남,전라남도 담양군 월산면 용흥리 574,35.3408912,126.8890233,용흥사,조계종
624,전남,전라남도 목포시 유달로 173,34.7902095,126.3753062,달성사,조계종
625,전남,전라남도 무안군 몽탄면 달산리 산144-4,34.9141743,126.4560265,법천사,조계종
626,전남,전라남도 무안군 무안읍 성동리 842-9,34.9878969,126.4805695,약사사,법화종
627,전남,전라남도 무안군 무안읍 성암리 135-14,34.9716802,126.5128181,도덕사,조계종
628,전남,전라남도 무안군 해제면 산길리 676,35.0904727,126.2622309,원갑사,조계종
629,전남,전라남도 보성군 문덕면 죽산리 831번지,34.9610817,127.1328099,대원사,조계종
630,전남,전라남도 보성군 벌교읍 벌교리 208,34.8487661,127.3382535,송광사포교당,조계종
631,전남,전라남도 보성군 율어면 유신리 553,34.8669834,127.2283,일월사,조계종
632,전남,전라남도 순천시 낙안면 상송리 산25,34.9222787,127.3372982,금둔사,태고종
633,전남,전라남도 순천시 별량면 대룡리 282,34.8729713,127.3950185,동화사,조계종
634,전남,전라남도 순천시 상사면 비촌리 705,34.9094419,127.4272642,도선암,태고종
635,전남,전라남도 순천시 서면 청소리 716,35.0619647,127.5143104,정혜사,조계종
636,전남,전라남도 순천시 석현동 230,34.9724904,127.4788163,향림사,태고종
637,전남,전라남도 순천시 송광면 신평리 12,35.0022459,127.2757962,송광사,조계종
638,전남,전라남도 순천시 승주읍 죽학리 802,34.9965837,127.3309161,선암사,조계종/태고종
639,전남,전라남도 순천시 조곡동 278-2,34.9525813,127.494527,흥륜사,조계종
640,전남,전라남도 신안군 압해읍 가룡길 130,34.898182,126.3103522,금산사,조계종
641,전남,전라남도 신안군 비금면 서산길 260,34.7516937,125.9043742,서산사,선각종
642,전남,전라남도 신안군 지도읍 읍내길 67-13,35.0616885,126.2080513,일심사,태고종
643,전남,전라남도 여수시 충민사길 62,34.7609192,127.7324952,석천사,조계종
644,전남,전라남도 여수시 돌산읍 돌산로 1168-58,34.6554335,127.7543423,은적사,조계종
645,전남,전라남도 여수시 돌산읍 향일암로 60,34.5927335,127.8035302,향일암,조계종
646,전남,전라남도 여수시 구봉산길 114,34.7398696,127.7123315,한산사,조계종
647,전남,전라남도 여수시 흥국사길 160,34.8211501,127.7002713,흥국사,조계종
648,전남,전라남도 여수시 화양면 용문사길 91,34.725993,127.6127283,용문사,조계종
649,전남,전라남도 영광군 군남면 육창로 2,35.1803158,126.4273937,연흥사,조계종
650,전남,전라남도 영광군 불갑면 모악리 8,35.2007754,126.5498501,불갑사,조계종
651,전남,전라남도 영암군 군서면 도갑사로 306,34.7527935,126.6628574,도갑사,조계종
652,전남,전라남도 영암군 영암읍 천황사로 280-82,34.7714493,126.7161496,천황사,법화종
653,전남,전라남도 완도군 생일면 유서리 산 89-1,34.3262806,126.9853859,학서암,조계종
654,전남,전라남도 완도군 완도읍 군내리 168,34.3088425,126.7624616,신흥사,조계종
655,전남,전라남도 장성군 북하면 약수리 26,35.439283,126.8830087,백양사,조계종
656,전남,전라남도 장흥군 관산읍 농안리 740,34.5514585,126.9047502,천관사,조계종
657,전남,전라남도 장흥군 유치면 봉덕리 45,34.8079512,126.8964827,보림사,조계종
658,전남,전라남도 장흥군 장흥읍 연산리 89-8,34.6832021,126.8894057,신흥사,조계종
659,전남,전라남도 진도군 의신면 운림산방로 299-30,34.4676372,126.3079595,쌍계사,조계종
660,전남,전라남도 함평군 해보면 용천사길 209,35.1834484,126.5451834,용천사,조계종
661,전남,전라남도 함평군 함평읍 한재골길 26-32,35.0653486,126.5083251,보광사,조계종
662,전남,전라남도 해남군 마산면 은적사길 404,34.5977156,126.6014715,은적사,조계종
663,전남,전라남도 해남군 북평면 백도로 543 산 49-6,34.4512114,126.6436419,성도사,원효종
664,전남,전라남도 해남군 북평면 천태산길 191,34.4220171,126.6158303,태영사,조계종
665,전남,전라남도 해남군 북평면 동해리 689,34.4411509,126.6361814,성도암,태고종
666,전남,전라남도 해남군 삼산면 대흥사길 400,34.476008,126.6163013,대흥사,조계종
667,전남,전라남도 해남군 송지면 미황사길 164,34.3827733,126.5775474,미황사,조계종
668,전남,전라남도 해남군 현산면 입제길 442,34.4456381,126.6150625,진흥사,태고종
669,전남,전라남도 해남군 화원면 절골길 244,34.6894052,126.3103158,서동사,조계종
670,전남,전라남도 해남군 황산면 내산길 143,34.6098688,126.3833694,도장사,조계종
671,전남,전라남도 화순군 남면 유마리 321,35.0187857,127.1714437,유마사,조계종
672,전남,전라남도 화순군 도암면 대초리 20,34.9442374,126.8734776,운주사,조계종
673,전남,전라남도 화순군 이서면 영평리 산897,35.1144402,127.0227111,규봉암,조계종
674,전남,전라남도 화순군 이양면 증리 741,34.8877203,127.0606163,쌍봉사,조계종
675,전남,전라남도 화순군 춘양면 가동리 산480,34.9045463,126.9291101,개천사,조계종
676,전남,전라남도 화순군 화순읍 동구리 179,35.0830471,126.9849094,만연사,조계종
677,전남,전라남도 강진군 옴천면 개산리 391,34.7363165,126.7926269,옴천사,선각종
678,전남,전라남도 구례군 용방면 죽정리 824,35.2688896,127.400762,죽림정사,조계종
679,전남,전라남도 구례군 용방면 죽정리 825,35.2687881,127.4009606,백련사,조계종
680,전남,전라남도 영암군 금정면 연지길 121,34.8898583,126.7712591,법흥사,조계종
681,경북,경상북도 경산시 남천면 모골길 196-55,35.7722758,128.7056248,경흥사,조계종
682,경북,경상북도 경산시 하양읍 도리3길 12,35.9184038,128.8175576,하양포교당,조계종
683,경북,경상북도 경산시 장산로26길 20 (삼북동),35.8185922,128.742358,"보문사
(구 경산포교당)",조계종
684,경북,경상북도 경산시 남매로 86 (상방동),35.8183746,128.7436647,안흥사,조계종
685,경북,경상북도 경산시 와촌면 불굴사길 205,35.9454074,128.7791453,불굴사,조계종
686,경북,경상북도 경산시 와촌면 갓바위로 386-73,35.9798472,128.7672121,원효암,조계종
687,경북,경상북도 경산시 와촌면 갓바위로 699,35.9874659,128.7393043,선본사,조계종
688,경북,경상북도 경산시 와촌면 갓바위로 216-111,35.9801846,128.7757558,천성암,법화종
689,경북,경상북도 경산시 용성면 용전1길 60,35.7722829,128.9293357,반룡사,조계종
690,경북,경상북도 경산시 자인면 북사안길 18,35.8217164,128.8212945,제석사,조계종
691,경북,경상북도 경산시 장산로24길 7 (삼북동),35.8198649,128.742646,혜광사,영화종
692,경북,경상북도 경산시 하양읍 환성로 392-30,35.9361895,128.7656849,환성사,조계종
693,경북,경상북도 경주시 양북면 기림로 101-5,35.8034342,129.4056721,골굴사,조계종
694,경북,경상북도 경주시 서면 천촌원당길 232,35.851196,129.0219749,금정사,조계종
695,경북,경상북도 경주시 양북면 기림로 437-4,35.8340043,129.4051984,기림사,조계종
696,경북,경상북도 경주시 안강읍 옥산서원길 403-177,36.026557,129.1458179,도덕암,조계종
697,경북,경상북도 경주시 포석로 682-17(배동),35.8013584,129.2102487,망월사,원효종
698,경북,경상북도 경주시 산업로 4214-110(동천동),35.8508783,129.2372136,백율사,조계종
699,경북,경상북도 경주시 양남면 국구암길 222,35.7182468,129.4342358,보덕암,조계종
700,경북,경상북도 경주시 갯마을길 41-30(배반동),35.8119921,129.2352126,보리사,조계종
701,경북,경상북도 경주시 분황로 94-11(구황동),35.840482,129.2344245,분황사,조계종
702,경북,경상북도 경주시 불국로 385(진현동),35.7898804,129.3318909,불국사,조계종
703,경북,경상북도 경주시 불국로 873-243(진현동),35.7793789,129.3243369,석굴암,조계종
704,경북,경상북도 경주시 외동읍 활성길 133-3,35.7552921,129.3278189,연지암,조계종
705,경북,경상북도 경주시 서면 도계서오길 251-355,35.8531493,129.0498961,주사암,조계종
706,경북,경상북도 경주시 내남면 백운대길 101-309,35.7649789,129.222028,천룡사,대각회
707,경북,경상북도 경주시 서면 백운대길 101-388,35.7667145,129.2240199,천룡사,조계종
708,경북,경상북도 고령군 고령읍 주산순환길 147,35.7329455,128.2661764,관음사,조계종
709,경북,경상북도 고령군 쌍림면 반룡사길 87,35.7312659,128.21631,반룡사,조계종
710,경북,경상북도 구미시 옥성면 산촌옥관로 691-78,36.3361209,128.2421018,대둔사,조계종
711,경북,경상북도 구미시 해평면 도리사로 526,36.2556189,128.3992743,도리사,조계종
712,경북,경상북도 구미시 해평면 해평4로 86,36.2133499,128.4203891,보천사,조계종
713,경북,경상북도 구미시 무을면 수다사길183,36.2835463,128.1659876,수다사,조계종
714,경북,경상북도 구미시 금오산로 433-3,36.1056999,128.3054617,약사암,조계종
715,경북,경상북도 구미시 선산읍 선주로9길 7-15,36.2449272,128.2933142,원각사,조계종
716,경북,경상북도 구미시 선산읍 죽장2길 90,36.2486427,128.2816788,죽장사(구 서황사),무소속
717,경북,경상북도 구미시 금오산로 434-1,36.0988755,128.2968858,해운사,조계종
718,경북,경상북도 군위군 우보면 고산길 262,36.1502021,128.6284412,신흥암,조계종
719,경북,경상북도 군위군 고로면 현리낙전길 836-144,36.1897843,128.8124209,압곡사,조계종
720,경북,경상북도 군위군  군위읍 상곡길 233,36.2578139,128.6022164,지보사,조계종
721,경북,경상북도 군위군 고로면 삼국유사로 250,36.1278518,128.7793525,인각사,조계종
722,경북,경상북도 군위군 소보면 달산3길 215,36.2727384,128.4388282,법주사,조계종
723,경북,경상북도 군위군 의흥면 지호2길 202,36.1841388,128.7832504,수태사,조계종
724,경북,경상북도 군위군 부계면 남산4길 24,36.0476535,128.6404878,석굴암(구 제2석굴암),조계종
725,경북,경상북도 김천시 개령면 동부1길 212,36.1726738,128.1816118,계림사,조계종
726,경북,경상북도 김천시 농소면 연명2길 257-212,36.0657538,128.1907753,신흥사,조계종
727,경북,경상북도 김천시 농소면 벽봉로 1444-143,36.0514542,128.1829695,고방사,조계종
728,경북,경상북도 김천시 대덕면 조룡길 1224-5,35.9589593,127.9421198,봉곡사,조계종
729,경북,경상북도 김천시 대항면 직지사길 95,36.1162989,128.0041751,직지사,조계종
730,경북,경상북도 김천시 봉산면 봉산1로 160,36.1479692,128.038707,용화사,조계종
731,경북,경상북도 김천시 증산면 평촌2길 335-48,35.8912582,128.002815,청암사,조계종
732,경북,경상북도 김천시 구화산길 329,36.1526511,128.1088658,구화사,조계종
733,경북,경상북도 문경시 가은읍 원북길 313,36.7002001,128.0055009,봉암사,조계종
734,경북,경상북도 문경시 농암면 우복동길 212-33,36.5915953,127.933518,원적사,조계종
735,경북,경상북도 문경시 농암면 청화로 380-101,36.5591431,127.9415748,심원사,조계종
736,경북,경상북도 문경시 문경읍 새재로 1052-220,36.7768341,128.0867101,혜국사,조계종
737,경북,경상북도 문경시 불정길 149-123,36.6158182,128.139388,운암사,조계종
738,경북,경상북도 문경시 산북면 김용길 372,36.7398368,128.2239433,김용사,조계종
739,경북,경상북도 문경시 산북면 대승사길 283,36.7498958,128.2719631,대승사,조계종
740,경북,경상북도 봉화군 명호면 청량산길 199-152,36.7894419,128.9189913,청량사,조계종
741,경북,경상북도 봉화군 물야면 월계길 739,36.9814412,128.7999096,축서사,조계종
742,경북,경상북도 봉화군 물야면 문수로 449-66,36.9316896,128.7372376,지림사,무소속
743,경북,경상북도 봉화군 봉성면 꿀덩이길 93,36.9391161,128.7840327,천성사,태고종
744,경북,경상북도 봉화군 소천면 홍점길 295-85,36.9952651,129.0235885,홍제암,조계종
745,경북,경상북도 봉화군 춘양면 각화산길 251,36.9916855,128.9092616,각화사,조계종
746,경북,경상북도 상주시 남장1길 259-22 (남장동),36.4306251,128.1060933,남장사,조계종
747,경북,경상북도 상주시 내서면 북장1길 317,36.4378921,128.0808111,북장사,조계종
748,경북,경상북도 상주시 서곡3길 173 (서곡동),36.4050504,128.1943294,동해사,조계종
749,경북,경상북도 상주시 서성4길 19 (서성동),36.4181997,128.1603662,상락사,조계종
750,경북,경상북도 상주시 연원7길 127 (연원동),36.4378884,128.1164271,연수암,조계종
751,경북,경상북도 상주시 외남면 구서2길 138,36.3336713,128.0975543,광덕사,법화종
752,경북,경상북도 상주시 은척면 성주로 225,36.5391224,128.0185128,황령사,조계종
753,경북,경상북도 상주시 중동면 갱다불길 39-43,36.4416437,128.2690214,청룡사,법화종
754,경북,경상북도 상주시 지천1길 223-35(지천동),36.3517713,128.1671912,용흥사,조계종
755,경북,경상북도 상주시 지천1길 215-187 (지천동),36.3455382,128.186765,갑장사,조계종
756,경북,경상북도 상주시 함창읍 증촌2길 10-13,36.5680481,128.1715953,용화사,조계종
757,경북,경상북도 상주시 화북면 중벌2길 32,36.6027034,127.8331536,신흥사,조계종
758,경북,경상북도 상주시 화서면 하송3길 213,36.4891601,127.9587082,청계사,법화종
759,경북,경상북도 상주시 모서면 쇠실길 46,36.3569462,127.9189526,극락암,조계종
760,경북,경상북도 성주군 성주읍 성주읍5길 24-35,35.9214259,128.2856246,임정사,태고종
761,경북,경상북도 성주군 월항면 대산1길 234,35.9346152,128.3325445,감응사,조계종
762,경북,경상북도 성주군 월항면 세종대왕자태실로 616-33,36.0156692,128.2989204,선석사,조계종
763,경북,경상북도 성주군 수륜면 가야산식물원길 17-56,35.8004858,128.135791,심원사,조계종
764,경북,경상북도 안동시 길안면 미내소일길 138,36.3896948,128.9248534,용담사,조계종
765,경북,경상북도 안동시 길안면 웃장터길 91-17,36.454185,128.8975379,선찰사,조계종
766,경북,경상북도 안동시 남후면 모운사길 83,36.5348463,128.6507464,모운사,조계종
767,경북,경상북도 안동시  녹전면 일출길 207,36.7339098,128.7342769,일출암(구 일출암),조계종
768,경북,경상북도 안동시 도산면 용수길  284-9,36.7733474,128.8108379,용수사,조계종
769,경북,경상북도 안동시 북후면 구둠실길 171,36.7009893,128.6015223,영봉사,조계종
770,경북,경상북도 안동시 북후면 산북로 260-14,36.7011061,128.6117725,석탑사,조계종
771,경북,경상북도 안동시 북후면 북평로 1057-114,36.7043226,128.6985701,봉서사,조계종
772,경북,경상북도 안동시  북후면 벽절길  137,36.6824535,128.6881184,옥산사,태고종
773,경북,경상북도 안동시 서후면 광흥사길 105,36.6441329,128.614418,광흥사,조계종
774,경북,경상북도 안동시 서후면 개목사길 362,36.6579748,128.6679976,개목사,조계종
775,경북,경상북도 안동시 서후면 봉정사길 222,36.653278,128.6625417,봉정사,조계종
776,경북,경상북도 안동시 제비원로 370-13(안기동),36.5843421,128.71511,석수암,조계종
777,경북,경상북도 안동시 와룡면 어은길 39,36.6186257,128.7916762,유하사,조계종
778,경북,경상북도 안동시  제비원로 672 (이천동),36.6062465,128.706236,연미사,조계종
779,경북,경상북도 안동시 임동면 봉황사길 152,36.5467544,128.932621,봉황사,조계종
780,경북,경상북도 안동시 서악길 67-14 (태화동),36.5619522,128.7096544,서악사,조계종
781,경북,경상북도 영덕군 병곡면 유금길 213-26,36.6458947,129.3659073,유금사,조계종
782,경북,경상북도 영덕군 창수면 장육사1길 172,36.5987266,129.3011138,장육사,조계종
783,경북,경상북도 영주시 부석면 부석사로 345,36.9988679,128.687512,부석사,조계종
784,경북,경상북도 영주시 순흥면 죽계로 459-99,36.950666,128.5432132,성혈사,조계종
785,경북,경상북도 영주시 순흥면 죽계로315번길 330,36.9441779,128.5264357,초암사,조계종
786,경북,경상북도 영주시 중앙로63번길 41-10 (영주동),36.8232703,128.6212357,영주포교당,조계종
787,경북,경상북도 영주시 이산면 이산로 390-40,36.8230748,128.6715,흑석사,조계종
788,경북,경상북도 영주시 평은면 문평로 638-250,36.7180113,128.6419199,진월사,조계종
789,경북,경상북도 영주시 풍기읍 삼가로 661-29,36.9389488,128.4994675,비로사,조계종
790,경북,경상북도 영주시 풍기읍 죽령로1720번길 278,36.9198957,128.4572488,희방사,조계종
791,경북,경상북도 영주시 풍기읍 죽령로1360번길 289,36.901585,128.4759682,유석사,조계종
792,경북,경상북도 영천시 서문길 69(교촌동),35.9660477,128.9264025,영천포교당,조계종
793,경북,경상북도 영천시 금호읍 죽방길 279-57,35.9460094,128.9173211,죽림사,조계종
794,경북,경상북도 영천시 금호읍 금호로 360-29,35.9373688,128.8987771,신흥사,조계종
795,경북,경상북도 영천시 대창면 영지길 471,35.8443206,128.951464,영지사,조계종
796,경북,경상북도 영천시 신녕면 동산길 11,36.0409117,128.7900156,신녕포교당,조계종
797,경북,경상북도 영천시 신녕면 칠밭골길 446,36.0256121,128.7479204,부귀사(구 부귀암),조계종
798,경북,경상북도 영천시 신녕면 치산관광길 404,36.0398715,128.7182715,수도사,조계종
799,경북,경상북도 영천시 신녕면 치산관광길 404-1,36.0254622,128.7081409,진불암,조계종
800,경북,경상북도 영천시 신녕면 왕산대길 159,36.0555416,128.7771077,한광사,법왕종
801,경북,경상북도 영천시 자양면 사곡길 77-81,36.1502904,129.0265479,거동사,조계종
802,경북,경상북도 영천시 자양면 용화길 499,36.1149417,129.0089461,묘각사,조계종
803,경북,경상북도 영천시 청통면 청통로 951,35.991847,128.7896725,은해사,조계종
804,경북,경상북도 영천시 화북면 천문로 2149-368,36.1260147,128.8978304,봉림사,조계종
805,경북,경상북도 예천군 감천면 한천사길 142,36.7477092,128.515519,한천사,조계종
806,경북,경상북도 예천군 보문면 보문사길 243,36.6547981,128.5602111,보문사,조계종
807,경북,경상북도 예천군 상리면 석항명봉로 881-106,36.7658127,128.3908634,명봉사,조계종
808,경북,경상북도 예천군 예천읍 대심1길 160,36.6586816,128.4347376,서악사,조계종
809,경북,경상북도 예천군 예천읍 충효로 448,36.6616501,128.4645275,동악사,대한미륵불교
810,경북,경상북도 예천군 용궁면 회룡대길 168,36.5798993,128.3151267,장안사,조계종
811,경북,경상북도 예천군 용문면 용문사길 285-30,36.7314037,128.3695042,용문사,조계종
812,경북,경상북도 예천군 용문면 선동길 510,36.7311943,128.4009629,청룡사,조계종
813,경북,경상북도 울진군 서면 불영사길 48,36.9403374,129.2725034,불영사,조계종
814,경북,경상북도 의성군 구천면 장국길 195,36.3327023,128.3914078,정수사,조계종
815,경북,경상북도 의성군 금성면 수정사길 420,36.2667626,128.7327073,수정사,조계종
816,경북,경상북도 의성군 다인면 대곡사길 80,36.490072,128.3772168,대곡사,조계종
817,경북,경상북도 의성군 단촌면 고운사길 415,36.4585564,128.7501143,고운사,조계종
818,경북,경상북도 의성군 비안면 모산길 109,36.3670346,128.5327329,만장사,조계종
819,경북,경상북도 의성군 사곡면 양지실업길 115,36.3123054,128.802034,주월사,조계종
820,경북,경상북도 의성군 안사면 월소1길 148,36.4723878,128.423122,지장사,조계종
821,경북,경상북도 의성군 안평면 옥련사길 130,36.4188184,128.5509842,옥련사,조계종
822,경북,경상북도 의성군 안평면 신안2길 223,36.3611179,128.6064493,운람사,조계종
823,경북,경상북도 청도군 각남면 옥산길 248-170,35.5995932,128.610156,대산사,조계종
824,경북,경상북도 청도군 각북면 헐티로 1375-9,35.7188253,128.5558289,용천사,조계종
825,경북,경상북도 청도군 금천면 박곡길 590,35.6562924,128.9361594,대비사,조계종
826,경북,경상북도 청도군 매전면 용산3길 99-8,35.6613798,128.8264579,불령사,조계종
827,경북,경상북도 청도군 운문면 운문사길 264,35.661105,128.9600826,운문사,조계종
828,경북,경상북도 청도군 청도읍 앞산공원길 14,35.6409444,128.7402602,보현사,태고종
829,경북,경상북도 청도군 청도읍 원동길 304,35.6130843,128.7378613,적천사,조계종
830,경북,경상북도 청도군 청도읍 청매로 117-320,35.5909376,128.7824057,대운암,조계종
831,경북,경상북도 청도군 화양읍 화양남산길 355,35.6244926,128.7118822,신둔사,조계종
832,경북,경상북도 청도군 화양읍 소라길 16-107,35.6542461,128.7429386,덕사,조계종
833,경북,경상북도 청도군 화양읍 송금길 113,35.7158934,128.7197164,대적사,조계종
834,경북,경상북도 청도군 화양읍 홍도길 205-5,35.6320504,128.7017023,죽림사,조계종
835,경북,경상북도 청송군 부동면 공원길 226,36.3967728,129.1459039,대전사,조계종
836,경북,경상북도 청송군 청송읍 현충로 51-352,36.4176394,129.0443035,보광사,조계종
837,경북,경상북도 청송군 청송읍 중앙로 267-11,36.434546,129.0583259,청송포교당,조계종
838,경북,경상북도 청송군 파천면 송강길 268,36.5048812,129.0562221,수정사,조계종
839,경북,경상북도 칠곡군 가산면 가산로1길 272-59,36.0587185,128.5791587,대둔사,조계종
840,경북,경상북도 칠곡군 가산면 금화길 107,36.0661123,128.5579674,금곡사,조계종
841,경북,경상북도 칠곡군 동명면 한티로 260,35.9862717,128.5990842,도덕암,조계종
842,경북,경상북도 칠곡군 동명면 송림길 73,35.982109,128.5774236,송림사,조계종
843,경북,경상북도 칠곡군 북삼읍 금오동천로 84,36.0635591,128.3018128,선봉사,선학원
844,경북,경상북도 칠곡군 북삼읍 금오동천로 84,36.0635591,128.3018128,영명사,조계종
845,경북,경상북도 포항시 남구 호미곶면 명월길  304-16,36.0322992,129.5531072,해봉사,법화종
846,경북,경상북도 포항시 남구 동해면 정동길417번길 97-37,35.9671556,129.4864841,선암사,미륵종
847,경북,경상북도 포항시 남구 동해면 조항산길9번길 75,35.9736899,129.4615264,몽운사,조계종
848,경북,경상북도 포항시 남구 동해면 정동길 551-74,35.9757007,129.4902845,일출선원,선학원
849,경북,경상북도 포항시 남구 동해면 흥환길 26번길 101,36.0096676,129.5102998,진불사,태고종
850,경북,경상북도 포항시 남구 오천읍 오어로 1,35.9263184,129.3688518,오어사,조계종
851,경북,경상북도 포항시 남구 장기면 방산로 526,35.915146,129.4638101,고석사,조계종
852,경북,경상북도 포항시 북구 죽장면 면봉산길 430,36.1763635,129.0578702,무학사,조계종
853,경북,경상북도 포항시 북구 송라면 보경로 523,36.2631379,129.3061772,보경사,조계종
854,경북,경상북도 포항시 북구 신광면 상읍길 290,36.1465895,129.2429104,법광사,법화종
855,경북,경상북도 포항시 북구 흥해읍 동해대로 1548-4,36.1096836,129.3436407,임허사,조계종
856,경북,경상북도 포항시 북구 흥해읍 도음로 476,36.0806071,129.2867232,천곡사,조계종
857,경북,경상북도 포항시 북구 탑산길10번길 11-4 (용흥동),36.0364459,129.3577684,죽림사,조계종
858,경북,경상북도 경주시 외동읍 앞등길 117-20,35.7666236,129.3366913,감산사,조계종대각회
859,경남,경상남도 거제시 거제면 동상3길 31-6(동상리),34.8521202,128.5962865,세진암,조계종
860,경남,경상남도 거제시 신부로4길 40,34.8649571,128.7320922,총명사,조계종
861,경남,경상남도 거창군 가조면 의상봉길 1049,35.7454666,128.0392573,고견사,조계종
862,경남,경상남도 거창군고제면 용초길 310-428,35.8781388,127.8546329,금봉암,조계종
863,경남,경상남도 거창군 남상면 연수사길 115-103,35.5976677,127.9193854,연수사,조계종
864,경남,경상남도 거창군 북상면 송계사길 321,35.8348791,127.7969135,송계사,조계종
865,경남,경상남도 고성군 개천면 연화산1로 471-9,35.08029,128.2623538,옥천사,조계종
866,경남,경상남도 고성군 거류면 신용9길 295,34.9837558,128.3910206,장의사,조계종
867,경남,경상남도 고성군 상리면 무선2길 808,34.9788806,128.2114702,문수암,조계종
868,경남,경상남도 고성군 영현면 대법3길 236,35.0532506,128.2239097,계승사,조계종
869,경남,경상남도 고성군 하이면 와룡2길 248-28,34.9584208,128.153342,운흥사,조계종
870,경남,경상남도 김해시 대동면 대동로529번길 83,35.2498652,128.9737212,원명사,조계종
871,경남,경상남도 김해시 신어산길 169(삼방동),35.2667297,128.9133242,영구암,조계종
872,경남,경상남도 김해시 신어산길 167(삼방동),35.2656889,128.9127698,은하사,조계종
873,경남,경상남도 김해시 활천로 121-57(삼정동),35.2382965,128.894354,성조암,조계종
874,경남,경상남도 김해시 상동면 여차로471번안길 16-133(여차리),35.3473933,128.8741185,백운암,조계종
875,경남,경상남도 김해시 생림면 마사로 36-228(생철리),35.3555275,128.8521795,모은암,조계종
876,경남,경상남도 김해시 생림면 마사로229번길 58-175,35.3555332,128.8295132,구천암,조계종
877,경남,경상남도 김해시 가야로 405번안길 210-162,35.2543326,128.8758457,해은사,조계종
878,경남,경상남도 김해시 전하로 269-74,35.2263232,128.8698039,흥부암,조계종
879,경남,경상남도 김해시 대청계곡길 170-563(대청리),35.1958687,128.7555496,장유암,조계종
880,경남,경상남도 김해시 주촌면 서부로 1743번길 28(선지리),35.2425399,128.841691,선지사,조계종
881,경남,경상남도 남해군 고현면 화방사길 128-6,34.8648979,127.8637816,화방사,조계종
882,경남,경상남도 남해군 남해읍 망운로 10번길 45-10,34.8427505,127.8919498,법흥사,조계종
883,경남,경상남도 남해군 남해읍 남서대로 2240번길,34.8515424,127.8580294,망운사,조계종
884,경남,경상남도 남해군 상주면 보리암로 665,34.7520883,127.9829228,보리암,조계종
885,경남,경상남도 남해군 이동면 용문사길 166-11,34.7879899,127.9233383,용문사,조계종
886,경남,경상남도 남해군 창선면 창선로 153번길 240,34.8679567,127.9909774,운대암,조계종
887,경남,경상남도 창원시 마산합포구 진북면 의림로 382,35.13849,128.439672,의림사,조계종
888,경남,경상남도 창원시 마산합포구 몽고정길 46(부림동),35.2058579,128.5737598,정법사,조계종
889,경남,경상남도 창원시 마산합포구 성호서7길 46(추산동),35.2075498,128.5688882,성덕암,조계종
890,경남,경상남도 창원시 마산회원구 내서읍 광려로 542(신감리),35.1898636,128.4909396,광산사,조계종
891,경남,경상남도 밀양시 영남루1길 16-11(내일동),35.4917523,128.7566525,무봉사,조계종
892,경남,경상남도 밀양시 단장면 표충로 1338(구천리),35.5325933,128.9605778,표충사,조계종
893,경남,경상남도 밀양시 무안면 동부동안길 4(무안리),35.4716049,128.6510203,홍제사,조계종
894,경남,경상남도 밀양시 무안면 무안서로163-158(중산리),35.4665032,128.6064745,대법사,조계종
895,경남,경상남도 밀양시 산내면 원서3길 167(원서리),35.615834,128.9271987,석골사,조계종
896,경남,경상남도 밀양시 삼랑진읍 용전리 산 41,35.4491438,128.8419044,만어사,조계종
897,경남,경상남도 밀양시 삼랑진읍 천태로451-94,35.4111466,128.8863343,부은사,태고종
898,경남,경상남도 사천시 곤명면 다솔사길 417,35.0828375,127.919895,다솔사,조계종
899,경남,경상남도 사천시 백천길 326-2,34.9959931,128.0921251,백천사,관음회조계종
900,경남,경상남도 산청군 산청읍 웅석봉로 495,35.3835792,127.8694196,심적사,조계종
901,경남,경상남도 산청군 산청읍 웅석봉로 396,35.3872475,127.8770138,지곡사,조계종
902,경남,경상남도 산청군 산청읍 꽃봉산로133번길 15,35.4134911,127.8792992,심적정사,조계종
903,경남,경상남도 산청군 삼장면 평촌유평로 453,35.3428655,127.8293587,대원사,조계종
904,경남,경상남도 산청군 시천면 지리산대로 320-292,35.2785867,127.7926379,법계사,조계종
905,경남,경상남도 산청군 신등면 둔철산로 675-87,35.3894747,127.9749013,정취암,조계종
906,경남,경상남도 산청군 신등면 율곡사길 182,35.4163988,127.9668766,율곡사,조계종
907,경남,경상남도 산청군삼장면 대하내원로 256,35.3001788,127.8101563,내원사,조계종
908,경남,경상남도 양산시 물금읍 원동로 199-133,35.3162144,128.974858,용화사,조계종
909,경남,경상남도 양산시 상북면 천성산길 727-82,35.3959001,129.1033323,원효암,조계종
910,경남,경상남도 양산시 상북면 홍룡로 372,35.3971882,129.0863116,홍룡사,선학원
911,경남,경상남도 양산시 주진로 379-61(소주동),35.4051827,129.1312266,미타암,조계종
912,경남,경상남도 양산시 원동면 원동로 2282-111,35.425977,128.9501703,신흥사,조계종
913,경남,경상남도 양산시 중앙우회로 66-64,35.3410178,129.0443904,계원사,조계종
914,경남,경상남도 양산시 하북면 내원로 207,35.4242656,129.1044214,내원사,조계종
915,경남,경상남도 양산시 하북면 통도사로 108,35.4895981,129.0436225,통도사,조계종
916,경남,경상남도 양산시 동면 금산2길 210,35.3030388,129.0439345,법천사,조계종
917,경남,경상남도 의령군 가례면 자굴산로 1150-142(개승리),35.377064,128.2154557,백련암,조계종
918,경남,경상남도 의령군 부림면 고루로 945-107(경산리 837),35.4283678,128.3684822,운암사,조계종
919,경남,경상남도 의령군 부림면 여배로5길 2(묵방리),35.5047416,128.3180543,유학사,조계종
920,경남,경상남도 의령군 용덕면 덕암로 581-137,35.3799178,128.2515039,수도사,조계종
921,경남,경상남도 진주시 금산면 월아산로 1440번길 138(갈전리),35.1903313,128.1810024,청곡사,조계종
922,경남,경상남도 진주시 남강로 626-71(남성동),35.1875948,128.0758403,호국사,조계종
923,경남,경상남도 진주시 문산읍 동부로 781번길 267(상문리),35.1879068,128.1917678,두방사,조계종
924,경남,경상남도 진주시 의곡길 72(상봉동),35.2040405,128.0815212,의곡사,조계종
925,경남,경상남도 진주시 향교로 42번길 13(옥봉동),35.1979437,128.0876619,연화사,조계종
926,경남,경상남도 진주시 이반성면 장안로 65번길 291(장안리),35.2074464,128.3517209,성전사,조계종
927,경남,경상남도 진주시 집현면 응석로 435(정평리),35.2965468,128.0585555,응석사,조계종
928,경남,경상남도 진주시 망진산길 71(망경동),35.1766666,128.0781359,총림선원,선학원
929,경남,경상남도 창원시 진해구 대장로 273(대장동),35.14777,128.7793676,성흥사,조계종
930,경남,경상남도 창녕군 계성면 계성화왕산로 288-102,35.4914977,128.5298132,청련사,조계종
931,경남,경상남도 창녕군 계성면 북암길 147,35.5028203,128.5403971,삼성암,조계종
932,경남,경상남도 창녕군 영산면 적지길 184,35.4742537,128.5478993,법화사,조계종
933,경남,경상남도 창녕군 창녕읍 신당2길 4-3,35.5394179,128.5032236,창녕포교당,조계종
934,경남,경상남도 창녕군 창녕읍 화왕산로 135-71,35.5340158,128.5120301,석불사,법화종
935,경남,경상남도 창녕군 창녕읍 자하곡길 147,35.5435431,128.5202485,도성암,조계종
936,경남,경상남도 창녕군 창녕읍 화왕산관룡사길 171,35.5317376,128.5534513,관룡사,조계종
937,경남,경상남도 창녕군 창녕읍 새말길 142,35.5123242,128.5649301,극락암,조계종
938,경남,경상남도 창원시 성산구 대암로 55(대방동),35.2155759,128.7018564,불곡사,법화종
939,경남,경상남도 창원시 의창구 동읍 자여로 459(단계리),35.2488538,128.7165998,우곡사,조계종
940,경남,경상남도 창원시 성산구 곰절길 191(천선동),35.1768948,128.7172793,성주사,조계종
941,경남,경상남도 통영시 광도면 안정1길 363(안정리),34.9438167,128.3954521,안정사,법화종
942,경남,경상남도 통영시 봉수로 107-82(봉평동),34.8185644,128.4155837,용화사,조계종
943,경남,경상남도 하동군 북천면 상촌길 184-128,35.1547961,127.8492518,양천암,조계종
944,경남,경상남도 하동군 악양면 평사리길 59-102,35.1518936,127.6813962,한산사,조계종
945,경남,경상남도 하동군 양보면 상고개로 377-59,35.0651959,127.8725954,학방암,조계종
946,경남,경상남도 하동군 화개면 범왕길 528,35.2828671,127.6088419,칠불사,조계종
947,경남,경상남도 하동군 화개면 쌍계사길 59,35.2331323,127.6497622,쌍계사,조계종
948,경남,경상남도 함안군 군북면 사촌4길 863,35.2158886,128.3855625,원효암,조계종
949,경남,경상남도 함안군 칠북면 북원로 110-1,35.327363,128.5585488,장춘사,조계종
950,경남,경상남도 함양군 마천면 천왕봉로 1035-528,35.4078294,127.6711667,금대암,조계종
951,경남,경상남도 함양군 마천면 마천삼정로 544-659,35.3655435,127.6235209,영원사,조계종
952,경남,경상남도 함양군 마천면 광점길 27-177,35.3939486,127.7032713,벽송사,조계종
953,경남,경상남도 함양군 백전면 백운산길 3-291,35.6140146,127.6463511,상연대,조계종
954,경남,경상남도 함양군 서상면 덕유월성로 567,35.7470315,127.6792967,영각사,조계종
955,경남,경상남도 함양군 안의면 용추계곡로 623,35.6866904,127.7633866,용추사,조계종
956,경남,경상남도 함양군 함양읍 상림3길 32,35.521202,127.7225498,보림사,조계종
957,경남,경상남도 합천군 가야면 해인사길 12,35.8015499,128.0929936,해인사,조계종
958,경남,경상남도 합천군 합천읍 죽죽길 80,35.559862,128.1651795,연호사,조계종
959,경남,경상남도 밀양시 용두로 31-8 (가곡동),35.4801521,128.7671179,용궁사,조계종
960,경남,경상남도 함양군 마천면 천왕봉로 1035-337,35.4096441,127.6643628,안국사,조계종
961,경남,경상남도 하동군 악양면 신흥길 121-120,35.1667332,127.7335607,칠성사,조계종
962,제주,제주도 제주시 1100로 2528-11(노형동 산 20-17),33.4087029,126.4944197,천왕사,조계종
963,제주,제주도 제주시 원당로16길 41(삼양1동 696),33.5292607,126.5979702,불탑사,조계종
964,제주,제주도 제주시 산록북로 660(아라동 387),33.4237942,126.5583908,관음사,조계종
965,제주,제주도 제주시 아연로 216-5(오라2동 656-2),33.4666123,126.5105314,월정사,선학원
966,제주,제주도 제주시 신성로10길 23(이동2동 1014-3),33.4945149,126.5301921,제석사,조계종
967,제주,제주도 제주시 독짓골8길 26(도남동 80-2),33.491624,126.5323307,보덕사,조계종
968,제주,제주도 서귀포시 하원북로35번길 15-28(하원동 1071),33.2651982,126.4577155,법화사,조계종
969,제주,제주도 서귀포시 이어도로 293-28(대포동 1165),33.2461046,126.4495188,약천사,조계종
970,제주,제주도 서귀포시 돈내코로 296-127(상효동 산1-1),33.3164924,126.5746755,남국선원,대각회
971,제주,제주도 서귀포시 남원읍 태위로 510(남원읍 남원리 2493),33.2949645,126.6878984,선광사,태고종
972,제주,제주도 제주시 한경면 용고로 63(한경면 고산리 2923),33.2994846,126.1806228,월성사,조계종
973,제주,제주도 제주시 애월읍 하귀동남2길 40-16(애월읍 상귀리 329),33.4778422,126.4139958,월영사,태고종